1433865837315,1.3,0.09,0.12,1.2,0.14,0.177,0.9,0.084,0.083,1.2,0.02,0.024 
1433865837415,1.3,0.09,0.12,1.2,0.14,0.177,0.9,0.084,0.083,1.2,0.02,0.024 
1433865837515,1.3,0.09,0.12,1.2,0.164,0.208,0.9,0.084,0.083,1.2,0.036,0.043 
1433865837615,1.3,0.09,0.12,1.2,0.164,0.208,0.9,0.084,0.083,1.2,0.036,0.043 
1433865837715,1.3,0.09,0.12,1.2,0.132,0.168,0.9,0.084,0.083,1.2,0.016,0.019 
1433865837814,1.3,0.09,0.12,1.2,0.132,0.168,0.9,0.084,0.083,1.2,0.016,0.019 
1433865837914,1.3,0.09,0.12,1.2,0.132,0.168,0.9,0.084,0.083,1.2,0.016,0.019 
1433865838015,1.3,0.09,0.12,1.2,0.104,0.132,0.9,0.083,0.082,1.2,0.016,0.019 
1433865838115,1.3,0.09,0.12,1.2,0.104,0.132,0.9,0.083,0.082,1.2,0.016,0.019 
1433865838215,1.3,0.09,0.12,1.2,0.104,0.132,0.9,0.083,0.082,1.2,0.016,0.019 
1433865838315,1.3,0.09,0.12,1.2,0.109,0.139,0.9,0.083,0.082,1.2,0.018,0.021 
1433865838415,1.3,0.09,0.12,1.2,0.109,0.139,0.9,0.083,0.082,1.2,0.018,0.021 
1433865838515,1.3,0.09,0.12,1.2,0.167,0.212,0.9,0.084,0.083,1.2,0.016,0.019 
1433865838615,1.3,0.09,0.12,1.2,0.167,0.212,0.9,0.084,0.083,1.2,0.016,0.019 
1433865838715,1.3,0.09,0.12,1.2,0.167,0.212,0.9,0.084,0.083,1.2,0.016,0.019 
1433865838815,1.3,0.09,0.12,1.2,0.104,0.132,0.9,0.083,0.082,1.2,0.016,0.019 
1433865838914,1.3,0.09,0.12,1.2,0.104,0.132,0.9,0.083,0.082,1.2,0.016,0.019 
1433865839015,1.3,0.09,0.12,1.2,0.104,0.132,0.9,0.083,0.082,1.2,0.016,0.019 
1433865839115,1.3,0.09,0.12,1.2,0.102,0.13,0.9,0.083,0.082,1.2,0.015,0.018 
1433865839215,1.3,0.09,0.12,1.2,0.102,0.13,0.9,0.083,0.082,1.2,0.015,0.018 
1433865839314,1.3,0.09,0.12,1.2,0.109,0.139,0.9,0.083,0.082,1.2,0.015,0.018 
1433865839414,1.3,0.09,0.12,1.2,0.109,0.139,0.9,0.083,0.082,1.2,0.015,0.018 
1433865839515,1.3,0.09,0.12,1.2,0.109,0.139,0.9,0.083,0.082,1.2,0.015,0.018 
1433865839615,1.3,0.09,0.12,1.2,0.12,0.153,0.9,0.083,0.082,1.2,0.015,0.018 
1433865839715,1.3,0.09,0.12,1.2,0.12,0.153,0.9,0.083,0.082,1.2,0.015,0.018 
1433865839815,1.3,0.09,0.12,1.2,0.12,0.153,0.9,0.083,0.082,1.2,0.05,0.06 
1433865839915,1.3,0.09,0.12,1.2,0.12,0.153,0.9,0.083,0.082,1.2,0.05,0.06 
1433865840015,1.3,0.09,0.12,1.2,0.12,0.153,0.9,0.083,0.082,1.2,0.05,0.06 
1433865840115,1.3,0.09,0.12,1.2,0.49,0.614,0.9,0.084,0.083,1.2,0.057,0.068 
1433865840215,1.3,0.09,0.12,1.2,0.49,0.614,0.9,0.084,0.083,1.2,0.057,0.068 
1433865840315,1.3,0.09,0.12,1.2,0.49,0.614,0.9,0.084,0.083,1.2,0.057,0.068 
1433865840415,1.3,0.091,0.121,1.2,0.488,0.612,0.9,0.084,0.083,1.2,0.051,0.061 
1433865840515,1.3,0.091,0.121,1.2,0.488,0.612,0.9,0.084,0.083,1.2,0.051,0.061 
1433865840615,1.3,0.092,0.122,1.2,0.503,0.631,0.9,0.084,0.083,1.2,0.051,0.061 
1433865840715,1.3,0.092,0.122,1.2,0.503,0.631,0.9,0.084,0.083,1.2,0.051,0.061 
1433865840815,1.3,0.092,0.122,1.2,0.503,0.631,0.9,0.084,0.083,1.2,0.051,0.061 
1433865840915,1.3,0.092,0.122,1.2,0.495,0.621,0.9,0.085,0.084,1.2,0.056,0.067 
1433865841015,1.3,0.092,0.122,1.2,0.495,0.621,0.9,0.085,0.084,1.2,0.056,0.067 
1433865841115,1.3,0.092,0.122,1.2,0.495,0.621,0.9,0.085,0.084,1.2,0.056,0.067 
1433865841215,1.3,0.092,0.122,1.2,0.492,0.617,0.9,0.085,0.084,1.2,0.056,0.067 
1433865841315,1.3,0.092,0.122,1.2,0.492,0.617,0.9,0.085,0.084,1.2,0.056,0.067 
1433865841415,1.3,0.092,0.122,1.2,0.492,0.617,0.9,0.086,0.085,1.2,0.057,0.068 
1433865841515,1.3,0.092,0.122,1.2,0.492,0.617,0.9,0.086,0.085,1.2,0.057,0.068 
1433865841615,1.3,0.092,0.122,1.2,0.492,0.617,0.9,0.086,0.085,1.2,0.057,0.068 
1433865841715,1.3,0.092,0.122,1.2,0.49,0.614,0.9,0.085,0.084,1.2,0.056,0.067 
1433865841815,1.3,0.092,0.122,1.2,0.49,0.614,0.9,0.085,0.084,1.2,0.056,0.067 
1433865841915,1.3,0.092,0.122,1.2,0.49,0.614,0.9,0.085,0.084,1.2,0.056,0.067 
1433865842015,1.3,0.093,0.124,1.2,0.49,0.614,0.9,0.085,0.084,1.2,0.056,0.067 
1433865842115,1.3,0.093,0.124,1.2,0.49,0.614,0.9,0.085,0.084,1.2,0.056,0.067 
1433865842215,1.3,0.093,0.124,1.2,0.493,0.618,0.9,0.085,0.084,1.2,0.056,0.067 
1433865842315,1.3,0.093,0.124,1.2,0.493,0.618,0.9,0.085,0.084,1.2,0.056,0.067 
1433865842415,1.3,0.093,0.124,1.2,0.493,0.618,0.9,0.085,0.084,1.2,0.056,0.067 
1433865842515,1.3,0.093,0.124,1.2,0.492,0.617,0.9,0.086,0.085,1.2,0.056,0.067 
1433865842615,1.3,0.093,0.124,1.2,0.492,0.617,0.9,0.086,0.085,1.2,0.056,0.067 
1433865842715,1.3,0.093,0.124,1.2,0.493,0.618,0.9,0.086,0.085,1.2,0.055,0.066 
1433865842815,1.3,0.093,0.124,1.2,0.493,0.618,0.9,0.086,0.085,1.2,0.055,0.066 
1433865842915,1.3,0.093,0.124,1.2,0.493,0.618,0.9,0.086,0.085,1.2,0.055,0.066 
1433865843015,1.3,0.093,0.124,1.2,0.493,0.618,0.9,0.086,0.085,1.2,0.057,0.068 
1433865843115,1.3,0.093,0.124,1.2,0.493,0.618,0.9,0.086,0.085,1.2,0.057,0.068 
1433865843215,1.3,0.093,0.124,1.2,0.493,0.618,0.9,0.086,0.085,1.2,0.057,0.068 
1433865843315,1.3,0.094,0.125,1.2,0.505,0.633,0.9,0.086,0.085,1.2,0.051,0.061 
1433865843415,1.3,0.094,0.125,1.2,0.505,0.633,0.9,0.086,0.085,1.2,0.051,0.061 
1433865843515,1.3,0.094,0.125,1.2,0.5,0.627,0.9,0.086,0.085,1.2,0.05,0.06 
1433865843615,1.3,0.094,0.125,1.2,0.5,0.627,0.9,0.086,0.085,1.2,0.05,0.06 
1433865843715,1.3,0.094,0.125,1.2,0.5,0.627,0.9,0.086,0.085,1.2,0.05,0.06 
1433865843815,1.3,0.094,0.125,1.2,0.495,0.621,0.9,0.086,0.085,1.2,0.056,0.067 
1433865843915,1.3,0.094,0.125,1.2,0.495,0.621,0.9,0.086,0.085,1.2,0.056,0.067 
1433865844015,1.3,0.094,0.125,1.2,0.495,0.621,0.9,0.086,0.085,1.2,0.056,0.067 
1433865844115,1.3,0.094,0.125,1.2,0.496,0.622,0.9,0.086,0.085,1.2,0.056,0.067 
1433865844215,1.3,0.094,0.125,1.2,0.496,0.622,0.9,0.086,0.085,1.2,0.056,0.067 
1433865844315,1.3,0.094,0.125,1.2,0.494,0.619,0.9,0.086,0.085,1.2,0.055,0.066 
1433865844415,1.3,0.094,0.125,1.2,0.494,0.619,0.9,0.086,0.085,1.2,0.055,0.066 
1433865844515,1.3,0.094,0.125,1.2,0.494,0.619,0.9,0.086,0.085,1.2,0.055,0.066 
1433865844615,1.3,0.094,0.125,1.2,0.497,0.623,0.9,0.086,0.085,1.2,0.056,0.067 
1433865844715,1.3,0.094,0.125,1.2,0.497,0.623,0.9,0.086,0.085,1.2,0.056,0.067 
1433865844815,1.3,0.094,0.125,1.2,0.497,0.623,0.9,0.086,0.085,1.2,0.056,0.067 
1433865844915,1.3,0.095,0.126,1.2,0.496,0.622,0.9,0.086,0.085,1.2,0.056,0.067 
1433865845015,1.3,0.095,0.126,1.2,0.496,0.622,0.9,0.086,0.085,1.2,0.056,0.067 
1433865845115,1.3,0.095,0.126,1.2,0.498,0.624,0.9,0.086,0.085,1.2,0.056,0.067 
1433865845215,1.3,0.095,0.126,1.2,0.498,0.624,0.9,0.086,0.085,1.2,0.056,0.067 
1433865845315,1.3,0.095,0.126,1.2,0.498,0.624,0.9,0.086,0.085,1.2,0.056,0.067 
1433865845415,1.3,0.095,0.126,1.2,0.496,0.622,0.9,0.086,0.085,1.2,0.056,0.067 
1433865845515,1.3,0.095,0.126,1.2,0.496,0.622,0.9,0.086,0.085,1.2,0.056,0.067 
1433865845615,1.3,0.095,0.126,1.2,0.496,0.622,0.9,0.086,0.085,1.2,0.056,0.067 
1433865845715,1.3,0.095,0.126,1.2,0.498,0.624,0.9,0.086,0.085,1.2,0.056,0.067 
1433865845815,1.3,0.095,0.126,1.2,0.498,0.624,0.9,0.086,0.085,1.2,0.056,0.067 
1433865845915,1.3,0.095,0.126,1.2,0.498,0.624,0.9,0.086,0.085,1.2,0.056,0.067 
1433865846015,1.3,0.095,0.126,1.2,0.498,0.624,0.9,0.086,0.085,1.2,0.056,0.067 
1433865846115,1.3,0.095,0.126,1.2,0.498,0.624,0.9,0.086,0.085,1.2,0.056,0.067 
1433865846215,1.3,0.095,0.126,1.2,0.495,0.621,0.9,0.087,0.086,1.2,0.057,0.069 
1433865846315,1.3,0.095,0.126,1.2,0.495,0.621,0.9,0.087,0.086,1.2,0.057,0.069 
1433865846415,1.3,0.095,0.126,1.2,0.495,0.621,0.9,0.086,0.085,1.2,0.056,0.067 
1433865846515,1.3,0.095,0.126,1.2,0.495,0.621,0.9,0.086,0.085,1.2,0.056,0.067 
1433865846615,1.3,0.095,0.126,1.2,0.495,0.621,0.9,0.086,0.085,1.2,0.056,0.067 
1433865846715,1.3,0.095,0.126,1.2,0.503,0.631,0.9,0.086,0.085,1.2,0.053,0.064 
1433865846815,1.3,0.095,0.126,1.2,0.503,0.631,0.9,0.086,0.085,1.2,0.053,0.064 
1433865846915,1.3,0.095,0.126,1.2,0.503,0.631,0.9,0.086,0.085,1.2,0.053,0.064 
1433865847015,1.3,0.095,0.126,1.2,0.502,0.63,0.9,0.087,0.086,1.2,0.053,0.064 
1433865847115,1.3,0.095,0.126,1.2,0.502,0.63,0.9,0.087,0.086,1.2,0.053,0.064 
1433865847215,1.3,0.095,0.126,1.2,0.502,0.63,0.9,0.087,0.086,1.2,0.054,0.065 
1433865847315,1.3,0.095,0.126,1.2,0.502,0.63,0.9,0.087,0.086,1.2,0.054,0.065 
1433865847415,1.3,0.095,0.126,1.2,0.502,0.63,0.9,0.087,0.086,1.2,0.054,0.065 
1433865847515,1.3,0.095,0.126,1.2,0.499,0.626,0.9,0.086,0.085,1.2,0.056,0.067 
1433865847615,1.3,0.095,0.126,1.2,0.499,0.626,0.9,0.086,0.085,1.2,0.056,0.067 
1433865847715,1.3,0.095,0.126,1.2,0.499,0.626,0.9,0.086,0.085,1.2,0.056,0.067 
1433865847815,1.3,0.095,0.126,1.2,0.498,0.624,0.9,0.087,0.086,1.2,0.056,0.067 
1433865847915,1.3,0.095,0.126,1.2,0.498,0.624,0.9,0.087,0.086,1.2,0.056,0.067 
1433865848015,1.3,0.095,0.126,1.2,0.511,0.641,0.9,0.087,0.086,1.2,0.049,0.059 
1433865848115,1.3,0.095,0.126,1.2,0.511,0.641,0.9,0.087,0.086,1.2,0.049,0.059 
1433865848215,1.3,0.095,0.126,1.2,0.511,0.641,0.9,0.087,0.086,1.2,0.049,0.059 
1433865848315,1.3,0.095,0.126,1.2,0.494,0.619,0.9,0.087,0.086,1.2,0.056,0.067 
1433865848415,1.3,0.095,0.126,1.2,0.494,0.619,0.9,0.087,0.086,1.2,0.056,0.067 
1433865848515,1.3,0.095,0.126,1.2,0.494,0.619,0.9,0.087,0.086,1.2,0.056,0.067 
1433865848615,1.3,0.095,0.126,1.2,0.494,0.619,0.9,0.087,0.086,1.2,0.056,0.067 
1433865848715,1.3,0.095,0.126,1.2,0.494,0.619,0.9,0.087,0.086,1.2,0.056,0.067 
1433865848815,1.3,0.095,0.126,1.2,0.494,0.619,0.9,0.087,0.086,1.2,0.056,0.067 
1433865848915,1.3,0.095,0.126,1.2,0.494,0.619,0.9,0.087,0.086,1.2,0.056,0.067 
1433865849015,1.3,0.095,0.126,1.2,0.494,0.619,0.9,0.087,0.086,1.2,0.056,0.067 
1433865849115,1.3,0.095,0.126,1.2,0.494,0.62,0.9,0.087,0.086,1.2,0.057,0.069 
1433865849215,1.3,0.095,0.126,1.2,0.494,0.62,0.9,0.087,0.086,1.2,0.057,0.069 
1433865849315,1.3,0.095,0.126,1.2,0.494,0.619,0.9,0.087,0.086,1.2,0.056,0.067 
1433865849415,1.3,0.095,0.126,1.2,0.494,0.619,0.9,0.087,0.086,1.2,0.056,0.067 
1433865849515,1.3,0.095,0.126,1.2,0.494,0.619,0.9,0.087,0.086,1.2,0.056,0.067 
1433865849615,1.3,0.095,0.126,1.2,0.494,0.619,0.9,0.087,0.086,1.2,0.056,0.067 
1433865849715,1.3,0.095,0.126,1.2,0.494,0.619,0.9,0.087,0.086,1.2,0.056,0.067 
1433865849815,1.3,0.095,0.126,1.2,0.494,0.619,0.9,0.087,0.086,1.2,0.056,0.067 
1433865849915,1.3,0.095,0.126,1.2,0.495,0.621,0.9,0.087,0.086,1.2,0.056,0.067 
1433865850015,1.3,0.095,0.126,1.2,0.495,0.621,0.9,0.087,0.086,1.2,0.056,0.067 
1433865850115,1.3,0.095,0.126,1.2,0.503,0.631,0.9,0.087,0.086,1.2,0.052,0.062 
1433865850215,1.3,0.095,0.126,1.2,0.503,0.631,0.9,0.087,0.086,1.2,0.052,0.062 
1433865850315,1.3,0.095,0.126,1.2,0.503,0.631,0.9,0.087,0.086,1.2,0.052,0.062 
1433865850415,1.3,0.095,0.126,1.2,0.506,0.635,0.9,0.087,0.086,1.2,0.051,0.061 
1433865850515,1.3,0.095,0.126,1.2,0.506,0.635,0.9,0.087,0.086,1.2,0.051,0.061 
1433865850615,1.3,0.095,0.126,1.2,0.506,0.635,0.9,0.087,0.086,1.2,0.051,0.061 
1433865850715,1.3,0.095,0.126,1.2,0.497,0.623,0.9,0.087,0.086,1.2,0.056,0.067 
1433865850815,1.3,0.095,0.126,1.2,0.497,0.623,0.9,0.087,0.086,1.2,0.056,0.067 
1433865850915,1.3,0.095,0.126,1.2,0.496,0.622,0.9,0.087,0.086,1.2,0.056,0.067 
1433865851015,1.3,0.095,0.126,1.2,0.496,0.622,0.9,0.087,0.086,1.2,0.056,0.067 
1433865851115,1.3,0.095,0.126,1.2,0.496,0.622,0.9,0.087,0.086,1.2,0.056,0.067 
1433865851215,1.3,0.095,0.126,1.2,0.496,0.622,0.9,0.087,0.086,1.2,0.056,0.067 
1433865851315,1.3,0.095,0.126,1.2,0.496,0.622,0.9,0.087,0.086,1.2,0.056,0.067 
1433865851415,1.3,0.095,0.126,1.2,0.496,0.622,0.9,0.087,0.086,1.2,0.056,0.067 
1433865851515,1.3,0.096,0.128,1.2,0.497,0.623,0.9,0.087,0.086,1.2,0.056,0.067 
1433865851615,1.3,0.096,0.128,1.2,0.497,0.623,0.9,0.087,0.086,1.2,0.056,0.067 
1433865851715,1.3,0.096,0.128,1.2,0.498,0.624,0.9,0.087,0.086,1.2,0.056,0.067 
1433865851815,1.3,0.096,0.128,1.2,0.498,0.624,0.9,0.087,0.086,1.2,0.056,0.067 
1433865851915,1.3,0.096,0.128,1.2,0.498,0.624,0.9,0.087,0.086,1.2,0.056,0.067 
1433865852015,1.3,0.095,0.126,1.2,0.495,0.621,0.9,0.087,0.086,1.2,0.056,0.067 
1433865852115,1.3,0.095,0.126,1.2,0.495,0.621,0.9,0.087,0.086,1.2,0.056,0.067 
1433865852215,1.3,0.096,0.128,1.2,0.498,0.624,0.9,0.087,0.086,1.2,0.057,0.069 
1433865852315,1.3,0.096,0.128,1.2,0.498,0.624,0.9,0.087,0.086,1.2,0.057,0.069 
1433865852415,1.3,0.096,0.128,1.2,0.498,0.624,0.9,0.087,0.086,1.2,0.057,0.069 
1433865852515,1.3,0.096,0.128,1.2,0.498,0.624,0.9,0.087,0.086,1.2,0.056,0.067 
1433865852615,1.3,0.096,0.128,1.2,0.498,0.624,0.9,0.087,0.086,1.2,0.056,0.067 
1433865852715,1.3,0.096,0.128,1.2,0.498,0.624,0.9,0.087,0.086,1.2,0.056,0.067 
1433865852815,1.3,0.095,0.126,1.2,0.516,0.647,0.9,0.087,0.086,1.2,0.051,0.061 
1433865852915,1.3,0.095,0.126,1.2,0.516,0.647,0.9,0.087,0.086,1.2,0.051,0.061 
1433865853015,1.3,0.095,0.126,1.2,0.507,0.636,0.9,0.087,0.086,1.2,0.055,0.066 
1433865853115,1.3,0.095,0.126,1.2,0.507,0.636,0.9,0.087,0.086,1.2,0.055,0.066 
1433865853215,1.3,0.095,0.126,1.2,0.507,0.636,0.9,0.087,0.086,1.2,0.055,0.066 
1433865853315,1.3,0.095,0.126,1.2,0.5,0.627,0.9,0.087,0.086,1.2,0.056,0.067 
1433865853415,1.3,0.095,0.126,1.2,0.5,0.627,0.9,0.087,0.086,1.2,0.056,0.067 
1433865853515,1.3,0.095,0.126,1.2,0.5,0.627,0.9,0.087,0.086,1.2,0.056,0.067 
1433865853615,1.3,0.096,0.128,1.2,0.498,0.624,0.9,0.087,0.086,1.2,0.056,0.067 
1433865853715,1.3,0.096,0.128,1.2,0.498,0.624,0.9,0.087,0.086,1.2,0.056,0.067 
1433865853815,1.3,0.096,0.128,1.2,0.5,0.627,0.9,0.088,0.087,1.2,0.054,0.065 
1433865853915,1.3,0.096,0.128,1.2,0.5,0.627,0.9,0.088,0.087,1.2,0.054,0.065 
1433865854015,1.3,0.096,0.128,1.2,0.5,0.627,0.9,0.088,0.087,1.2,0.054,0.065 
1433865854115,1.3,0.095,0.126,1.2,0.494,0.619,0.9,0.087,0.086,1.2,0.054,0.065 
1433865854215,1.3,0.095,0.126,1.2,0.494,0.619,0.9,0.087,0.086,1.2,0.054,0.065 
1433865854315,1.3,0.095,0.126,1.2,0.494,0.619,0.9,0.087,0.086,1.2,0.054,0.065 
1433865854415,1.3,0.096,0.128,1.2,0.496,0.622,0.9,0.087,0.086,1.2,0.056,0.067 
1433865854515,1.3,0.096,0.128,1.2,0.496,0.622,0.9,0.087,0.086,1.2,0.056,0.067 
1433865854615,1.3,0.096,0.128,1.2,0.496,0.622,0.9,0.087,0.086,1.2,0.056,0.067 
1433865854715,1.3,0.096,0.128,1.2,0.496,0.622,0.9,0.087,0.086,1.2,0.056,0.067 
1433865854815,1.3,0.096,0.128,1.2,0.496,0.622,0.9,0.087,0.086,1.2,0.056,0.067 
1433865854915,1.3,0.096,0.128,1.2,0.492,0.617,0.9,0.087,0.086,1.2,0.057,0.069 
1433865855015,1.3,0.096,0.128,1.2,0.492,0.617,0.9,0.087,0.086,1.2,0.057,0.069 
1433865855115,1.3,0.096,0.128,1.2,0.493,0.618,0.9,0.087,0.086,1.2,0.057,0.069 
1433865855215,1.3,0.096,0.128,1.2,0.493,0.618,0.9,0.087,0.086,1.2,0.057,0.069 
1433865855315,1.3,0.096,0.128,1.2,0.493,0.618,0.9,0.087,0.086,1.2,0.057,0.069 
1433865855415,1.3,0.096,0.128,1.2,0.488,0.612,0.9,0.087,0.086,1.2,0.057,0.069 
1433865855515,1.3,0.096,0.128,1.2,0.488,0.612,0.9,0.087,0.086,1.2,0.057,0.069 
1433865855615,1.3,0.096,0.128,1.2,0.488,0.612,0.9,0.087,0.086,1.2,0.057,0.069 
1433865855715,1.3,0.096,0.128,1.2,0.497,0.623,0.9,0.087,0.086,1.2,0.055,0.066 
1433865855815,1.3,0.096,0.128,1.2,0.497,0.623,0.9,0.087,0.086,1.2,0.055,0.066 
1433865855915,1.3,0.095,0.126,1.2,0.509,0.638,0.9,0.087,0.086,1.2,0.053,0.064 
1433865856015,1.3,0.095,0.126,1.2,0.509,0.638,0.9,0.087,0.086,1.2,0.053,0.064 
1433865856115,1.3,0.095,0.126,1.2,0.509,0.638,0.9,0.087,0.086,1.2,0.053,0.064 
1433865856215,1.3,0.096,0.128,1.2,0.493,0.618,0.9,0.088,0.087,1.2,0.056,0.067 
1433865856315,1.3,0.096,0.128,1.2,0.493,0.618,0.9,0.088,0.087,1.2,0.056,0.067 
1433865856415,1.3,0.096,0.128,1.2,0.493,0.618,0.9,0.088,0.087,1.2,0.056,0.067 
1433865856515,1.3,0.096,0.128,1.2,0.494,0.619,0.9,0.088,0.087,1.2,0.056,0.067 
1433865856615,1.3,0.096,0.128,1.2,0.494,0.619,0.9,0.088,0.087,1.2,0.056,0.067 
1433865856715,1.3,0.096,0.128,1.2,0.509,0.638,0.9,0.087,0.086,1.2,0.051,0.061 
1433865856815,1.3,0.096,0.128,1.2,0.509,0.638,0.9,0.087,0.086,1.2,0.051,0.061 
1433865856915,1.3,0.096,0.128,1.2,0.509,0.638,0.9,0.087,0.086,1.2,0.051,0.061 
1433865857015,1.3,0.096,0.128,1.2,0.499,0.626,0.9,0.088,0.087,1.2,0.054,0.065 
1433865857115,1.3,0.096,0.128,1.2,0.499,0.626,0.9,0.088,0.087,1.2,0.054,0.065 
1433865857215,1.3,0.096,0.128,1.2,0.499,0.626,0.9,0.088,0.087,1.2,0.054,0.065 
1433865857315,1.3,0.096,0.128,1.2,0.496,0.622,0.9,0.087,0.086,1.2,0.057,0.069 
1433865857415,1.3,0.096,0.128,1.2,0.496,0.622,0.9,0.087,0.086,1.2,0.057,0.069 
1433865857515,1.3,0.096,0.128,1.2,0.495,0.621,0.9,0.088,0.087,1.2,0.056,0.067 
1433865857615,1.3,0.096,0.128,1.2,0.495,0.621,0.9,0.088,0.087,1.2,0.056,0.067 
1433865857715,1.3,0.096,0.128,1.2,0.495,0.621,0.9,0.088,0.087,1.2,0.056,0.067 
1433865857815,1.3,0.096,0.128,1.2,0.495,0.621,0.9,0.087,0.086,1.2,0.056,0.067 
1433865857915,1.3,0.096,0.128,1.2,0.495,0.621,0.9,0.087,0.086,1.2,0.056,0.067 
1433865858015,1.3,0.096,0.128,1.2,0.495,0.621,0.9,0.087,0.086,1.2,0.056,0.067 
1433865858115,1.3,0.096,0.128,1.2,0.496,0.622,0.9,0.088,0.087,1.2,0.056,0.067 
1433865858215,1.3,0.096,0.128,1.2,0.496,0.622,0.9,0.088,0.087,1.2,0.056,0.067 
1433865858315,1.3,0.096,0.128,1.2,0.495,0.621,0.9,0.087,0.086,1.2,0.056,0.067 
1433865858415,1.3,0.096,0.128,1.2,0.495,0.621,0.9,0.087,0.086,1.2,0.056,0.067 
1433865858515,1.3,0.096,0.128,1.2,0.495,0.621,0.9,0.087,0.086,1.2,0.056,0.067 
1433865858615,1.3,0.096,0.128,1.2,0.505,0.633,0.9,0.088,0.087,1.2,0.052,0.062 
1433865858715,1.3,0.096,0.128,1.2,0.505,0.633,0.9,0.088,0.087,1.2,0.052,0.062 
1433865858815,1.3,0.096,0.128,1.2,0.506,0.635,0.9,0.088,0.087,1.2,0.053,0.064 
1433865858915,1.3,0.096,0.128,1.2,0.506,0.635,0.9,0.088,0.087,1.2,0.053,0.064 
1433865859015,1.3,0.096,0.128,1.2,0.506,0.635,0.9,0.088,0.087,1.2,0.053,0.064 
1433865859115,1.3,0.096,0.128,1.2,0.497,0.623,0.9,0.088,0.087,1.2,0.056,0.067 
1433865859215,1.3,0.096,0.128,1.2,0.497,0.623,0.9,0.088,0.087,1.2,0.056,0.067 
1433865859315,1.3,0.096,0.128,1.2,0.497,0.623,0.9,0.088,0.087,1.2,0.056,0.067 
1433865859415,1.3,0.096,0.128,1.2,0.496,0.622,0.9,0.088,0.087,1.2,0.056,0.067 
1433865859515,1.3,0.096,0.128,1.2,0.496,0.622,0.9,0.088,0.087,1.2,0.056,0.067 
1433865859615,1.3,0.096,0.128,1.2,0.498,0.624,0.9,0.088,0.087,1.2,0.056,0.067 
1433865859715,1.3,0.096,0.128,1.2,0.498,0.624,0.9,0.088,0.087,1.2,0.056,0.067 
1433865859815,1.3,0.096,0.128,1.2,0.498,0.624,0.9,0.088,0.087,1.2,0.056,0.067 
1433865859915,1.3,0.096,0.128,1.2,0.499,0.626,0.9,0.088,0.087,1.2,0.056,0.067 
1433865860015,1.3,0.096,0.128,1.2,0.499,0.626,0.9,0.088,0.087,1.2,0.056,0.067 
1433865860115,1.3,0.096,0.128,1.2,0.499,0.626,0.9,0.088,0.087,1.2,0.056,0.067 
1433865860215,1.3,0.096,0.128,1.2,0.499,0.626,0.9,0.088,0.087,1.2,0.056,0.067 
1433865860315,1.3,0.096,0.128,1.2,0.499,0.626,0.9,0.088,0.087,1.2,0.056,0.067 
1433865860415,1.3,0.096,0.128,1.2,0.5,0.627,0.9,0.088,0.087,1.2,0.053,0.064 
1433865860515,1.3,0.096,0.128,1.2,0.5,0.627,0.9,0.088,0.087,1.2,0.053,0.064 
1433865860615,1.3,0.096,0.128,1.2,0.5,0.627,0.9,0.088,0.087,1.2,0.053,0.064 
1433865860715,1.3,0.096,0.128,1.2,0.503,0.631,0.9,0.088,0.087,1.2,0.053,0.064 
1433865860815,1.3,0.096,0.128,1.2,0.503,0.631,0.9,0.088,0.087,1.2,0.053,0.064 
1433865860915,1.3,0.096,0.128,1.2,0.503,0.631,0.9,0.088,0.087,1.2,0.053,0.064 
1433865861015,1.3,0.096,0.128,1.2,0.51,0.64,0.9,0.088,0.087,1.2,0.052,0.062 
1433865861115,1.3,0.096,0.128,1.2,0.51,0.64,0.9,0.088,0.087,1.2,0.052,0.062 
1433865861215,1.3,0.096,0.128,1.2,0.497,0.623,0.9,0.087,0.086,1.2,0.052,0.062 
1433865861315,1.3,0.096,0.128,1.2,0.497,0.623,0.9,0.087,0.086,1.2,0.052,0.062 
1433865861415,1.3,0.096,0.128,1.2,0.497,0.623,0.9,0.087,0.086,1.2,0.052,0.062 
1433865861515,1.3,0.096,0.128,1.2,0.495,0.621,0.9,0.087,0.086,1.2,0.056,0.067 
1433865861615,1.3,0.096,0.128,1.2,0.495,0.621,0.9,0.087,0.086,1.2,0.056,0.067 
1433865861715,1.3,0.096,0.128,1.2,0.496,0.622,0.9,0.088,0.087,1.2,0.056,0.067 
1433865861815,1.3,0.096,0.128,1.2,0.496,0.622,0.9,0.088,0.087,1.2,0.056,0.067 
1433865861915,1.3,0.096,0.128,1.2,0.496,0.622,0.9,0.088,0.087,1.2,0.056,0.067 
1433865862015,1.3,0.096,0.128,1.2,0.496,0.622,0.9,0.088,0.087,1.2,0.056,0.067 
1433865862115,1.3,0.096,0.128,1.2,0.496,0.622,0.9,0.088,0.087,1.2,0.056,0.067 
1433865862215,1.3,0.096,0.128,1.2,0.496,0.622,0.9,0.088,0.087,1.2,0.056,0.067 
1433865862315,1.3,0.096,0.128,1.2,0.494,0.619,0.9,0.088,0.087,1.2,0.056,0.067 
1433865862415,1.3,0.096,0.128,1.2,0.494,0.619,0.9,0.088,0.087,1.2,0.056,0.067 
1433865862515,1.3,0.096,0.128,1.2,0.498,0.624,0.9,0.088,0.087,1.2,0.056,0.067 
1433865862615,1.3,0.096,0.128,1.2,0.498,0.624,0.9,0.088,0.087,1.2,0.056,0.067 
1433865862715,1.3,0.096,0.128,1.2,0.498,0.624,0.9,0.088,0.087,1.2,0.056,0.067 
1433865862815,1.3,0.096,0.128,1.2,0.493,0.618,0.9,0.088,0.087,1.2,0.056,0.067 
1433865862915,1.3,0.096,0.128,1.2,0.493,0.618,0.9,0.088,0.087,1.2,0.056,0.067 
1433865863015,1.3,0.096,0.128,1.2,0.493,0.618,0.9,0.088,0.087,1.2,0.056,0.067 
1433865863115,1.3,0.096,0.128,1.2,0.494,0.619,0.9,0.088,0.087,1.2,0.057,0.069 
1433865863215,1.3,0.096,0.128,1.2,0.494,0.619,0.9,0.088,0.087,1.2,0.057,0.069 
1433865863315,1.3,0.096,0.128,1.2,0.495,0.621,0.9,0.088,0.087,1.2,0.056,0.067 
1433865863415,1.3,0.096,0.128,1.2,0.495,0.621,0.9,0.088,0.087,1.2,0.056,0.067 
1433865863515,1.3,0.096,0.128,1.2,0.495,0.621,0.9,0.088,0.087,1.2,0.056,0.067 
1433865863615,1.3,0.096,0.128,1.2,0.5,0.627,0.9,0.088,0.087,1.2,0.052,0.062 
1433865863715,1.3,0.096,0.128,1.2,0.5,0.627,0.9,0.088,0.087,1.2,0.052,0.062 
1433865863815,1.3,0.096,0.128,1.2,0.5,0.627,0.9,0.088,0.087,1.2,0.052,0.062 
1433865863915,1.3,0.097,0.129,1.2,0.506,0.635,0.9,0.088,0.087,1.2,0.056,0.067 
1433865864015,1.3,0.097,0.129,1.2,0.506,0.635,0.9,0.088,0.087,1.2,0.056,0.067 
1433865864115,1.3,0.096,0.128,1.2,0.495,0.621,0.9,0.088,0.087,1.2,0.056,0.067 
1433865864215,1.3,0.096,0.128,1.2,0.495,0.621,0.9,0.088,0.087,1.2,0.056,0.067 
1433865864315,1.3,0.096,0.128,1.2,0.495,0.621,0.9,0.088,0.087,1.2,0.056,0.067 
1433865864415,1.3,0.096,0.128,1.2,0.496,0.622,0.9,0.088,0.087,1.2,0.054,0.065 
1433865864515,1.3,0.096,0.128,1.2,0.496,0.622,0.9,0.088,0.087,1.2,0.054,0.065 
1433865864615,1.3,0.096,0.128,1.2,0.519,0.651,0.9,0.088,0.087,1.2,0.051,0.061 
1433865864715,1.3,0.096,0.128,1.2,0.519,0.651,0.9,0.088,0.087,1.2,0.051,0.061 
1433865864815,1.3,0.096,0.128,1.2,0.519,0.651,0.9,0.088,0.087,1.2,0.051,0.061 
1433865864915,1.3,0.096,0.128,1.2,0.498,0.624,0.9,0.088,0.087,1.2,0.056,0.067 
1433865865015,1.3,0.096,0.128,1.2,0.498,0.624,0.9,0.088,0.087,1.2,0.056,0.067 
1433865865115,1.3,0.096,0.128,1.2,0.498,0.624,0.9,0.088,0.087,1.2,0.056,0.067 
1433865865215,1.3,0.096,0.128,1.2,0.499,0.626,0.9,0.088,0.087,1.2,0.055,0.066 
1433865865315,1.3,0.096,0.128,1.2,0.499,0.626,0.9,0.088,0.087,1.2,0.055,0.066 
1433865865415,1.3,0.096,0.128,1.2,0.498,0.624,0.9,0.088,0.087,1.2,0.056,0.067 
1433865865515,1.3,0.096,0.128,1.2,0.498,0.624,0.9,0.088,0.087,1.2,0.056,0.067 
1433865865615,1.3,0.096,0.128,1.2,0.498,0.624,0.9,0.088,0.087,1.2,0.056,0.067 
1433865865715,1.3,0.096,0.128,1.2,0.499,0.626,0.9,0.088,0.087,1.2,0.056,0.067 
1433865865815,1.3,0.096,0.128,1.2,0.499,0.626,0.9,0.088,0.087,1.2,0.056,0.067 
1433865865915,1.3,0.096,0.128,1.2,0.499,0.626,0.9,0.088,0.087,1.2,0.056,0.067 
1433865866015,1.3,0.096,0.128,1.2,0.498,0.624,0.9,0.088,0.087,1.2,0.056,0.067 
1433865866115,1.3,0.096,0.128,1.2,0.498,0.624,0.9,0.088,0.087,1.2,0.056,0.067 
1433865866215,1.3,0.096,0.128,1.2,0.498,0.624,0.9,0.088,0.087,1.2,0.055,0.066 
1433865866315,1.3,0.096,0.128,1.2,0.498,0.624,0.9,0.088,0.087,1.2,0.055,0.066 
1433865866415,1.3,0.096,0.128,1.2,0.498,0.624,0.9,0.088,0.087,1.2,0.055,0.066 
1433865866515,1.3,0.096,0.128,1.2,0.5,0.627,0.9,0.088,0.087,1.2,0.055,0.066 
1433865866615,1.3,0.096,0.128,1.2,0.5,0.627,0.9,0.088,0.087,1.2,0.055,0.066 
1433865866715,1.3,0.096,0.128,1.2,0.5,0.627,0.9,0.088,0.087,1.2,0.055,0.066 
1433865866815,1.3,0.097,0.129,1.2,0.499,0.626,0.9,0.088,0.087,1.2,0.055,0.066 
1433865866915,1.3,0.097,0.129,1.2,0.499,0.626,0.9,0.088,0.087,1.2,0.055,0.066 
1433865867015,1.3,0.097,0.129,1.2,0.501,0.628,0.9,0.088,0.087,1.2,0.055,0.066 
1433865867115,1.3,0.097,0.129,1.2,0.501,0.628,0.9,0.088,0.087,1.2,0.055,0.066 
1433865867215,1.3,0.097,0.129,1.2,0.501,0.628,0.9,0.088,0.087,1.2,0.055,0.066 
1433865867315,1.3,0.097,0.129,1.2,0.498,0.624,0.9,0.088,0.087,1.2,0.055,0.066 
1433865867415,1.3,0.097,0.129,1.2,0.498,0.624,0.9,0.088,0.087,1.2,0.055,0.066 
1433865867515,1.3,0.097,0.129,1.2,0.498,0.624,0.9,0.088,0.087,1.2,0.055,0.066 
1433865867615,1.3,0.097,0.129,1.2,0.516,0.647,0.9,0.088,0.087,1.2,0.052,0.062 
1433865867715,1.3,0.097,0.129,1.2,0.516,0.647,0.9,0.088,0.087,1.2,0.052,0.062 
1433865867815,1.3,0.096,0.128,1.2,0.494,0.619,0.9,0.088,0.087,1.2,0.051,0.061 
1433865867915,1.3,0.096,0.128,1.2,0.494,0.619,0.9,0.088,0.087,1.2,0.051,0.061 
1433865868015,1.3,0.096,0.128,1.2,0.494,0.619,0.9,0.088,0.087,1.2,0.051,0.061 
1433865868115,1.3,0.096,0.128,1.2,0.495,0.621,0.9,0.088,0.087,1.2,0.056,0.067 
1433865868215,1.3,0.096,0.128,1.2,0.495,0.621,0.9,0.088,0.087,1.2,0.056,0.067 
1433865868315,1.3,0.097,0.129,1.2,0.497,0.623,0.9,0.088,0.087,1.2,0.056,0.067 
1433865868415,1.3,0.097,0.129,1.2,0.497,0.623,0.9,0.088,0.087,1.2,0.056,0.067 
1433865868515,1.3,0.097,0.129,1.2,0.497,0.623,0.9,0.088,0.087,1.2,0.056,0.067 
1433865868615,1.3,0.096,0.128,1.2,0.495,0.621,0.9,0.088,0.087,1.2,0.056,0.067 
1433865868715,1.3,0.096,0.128,1.2,0.495,0.621,0.9,0.088,0.087,1.2,0.056,0.067 
1433865868815,1.3,0.096,0.128,1.2,0.495,0.621,0.9,0.088,0.087,1.2,0.056,0.067 
1433865868915,1.3,0.096,0.128,1.2,0.497,0.623,0.9,0.088,0.087,1.2,0.056,0.067 
1433865869015,1.3,0.096,0.128,1.2,0.497,0.623,0.9,0.088,0.087,1.2,0.056,0.067 
1433865869115,1.3,0.097,0.129,1.2,0.496,0.622,0.9,0.088,0.087,1.2,0.056,0.067 
1433865869215,1.3,0.097,0.129,1.2,0.496,0.622,0.9,0.088,0.087,1.2,0.056,0.067 
1433865869315,1.3,0.097,0.129,1.2,0.496,0.622,0.9,0.088,0.087,1.2,0.056,0.067 
1433865869415,1.3,0.096,0.128,1.2,0.496,0.622,0.9,0.088,0.087,1.2,0.056,0.067 
1433865869515,1.3,0.096,0.128,1.2,0.496,0.622,0.9,0.088,0.087,1.2,0.056,0.067 
1433865869615,1.3,0.096,0.128,1.2,0.496,0.622,0.9,0.088,0.087,1.2,0.056,0.067 
1433865869715,1.3,0.096,0.128,1.2,0.498,0.624,0.9,0.088,0.087,1.2,0.056,0.067 
1433865869815,1.3,0.096,0.128,1.2,0.498,0.624,0.9,0.088,0.087,1.2,0.056,0.067 
1433865869915,1.3,0.097,0.129,1.2,0.494,0.619,0.9,0.088,0.087,1.2,0.055,0.066 
1433865870015,1.3,0.097,0.129,1.2,0.494,0.619,0.9,0.088,0.087,1.2,0.055,0.066 
1433865870115,1.3,0.097,0.129,1.2,0.494,0.619,0.9,0.088,0.087,1.2,0.055,0.066 
1433865870215,1.3,0.097,0.129,1.2,0.511,0.641,0.9,0.088,0.087,1.2,0.051,0.061 
1433865870315,1.3,0.097,0.129,1.2,0.511,0.641,0.9,0.088,0.087,1.2,0.051,0.061 
1433865870415,1.3,0.097,0.129,1.2,0.511,0.641,0.9,0.088,0.087,1.2,0.051,0.061 
1433865870515,1.3,0.097,0.129,1.2,0.498,0.624,0.9,0.088,0.087,1.2,0.057,0.069 
1433865870615,1.3,0.097,0.129,1.2,0.498,0.624,0.9,0.088,0.087,1.2,0.057,0.069 
1433865870715,1.3,0.096,0.128,1.2,0.498,0.624,0.9,0.088,0.087,1.2,0.056,0.067 
1433865870815,1.3,0.096,0.128,1.2,0.498,0.624,0.9,0.088,0.087,1.2,0.056,0.067 
1433865870915,1.3,0.096,0.128,1.2,0.498,0.624,0.9,0.088,0.087,1.2,0.056,0.067 
1433865871015,1.3,0.096,0.128,1.2,0.497,0.623,0.9,0.088,0.087,1.2,0.056,0.067 
1433865871115,1.3,0.096,0.128,1.2,0.497,0.623,0.9,0.088,0.087,1.2,0.056,0.067 
1433865871215,1.3,0.097,0.129,1.2,0.498,0.624,0.9,0.088,0.087,1.2,0.056,0.067 
1433865871315,1.3,0.097,0.129,1.2,0.498,0.624,0.9,0.088,0.087,1.2,0.056,0.067 
1433865871415,1.3,0.097,0.129,1.2,0.498,0.624,0.9,0.088,0.087,1.2,0.056,0.067 
1433865871515,1.3,0.096,0.128,1.2,0.496,0.622,0.9,0.088,0.087,1.2,0.056,0.067 
1433865871615,1.3,0.096,0.128,1.2,0.496,0.622,0.9,0.088,0.087,1.2,0.056,0.067 
1433865871715,1.3,0.096,0.128,1.2,0.496,0.622,0.9,0.088,0.087,1.2,0.056,0.067 
1433865871815,1.3,0.097,0.129,1.2,0.499,0.626,0.9,0.088,0.087,1.2,0.056,0.067 
1433865871915,1.3,0.097,0.129,1.2,0.499,0.626,0.9,0.088,0.087,1.2,0.056,0.067 
1433865872015,1.3,0.097,0.129,1.2,0.498,0.624,0.9,0.088,0.087,1.2,0.057,0.069 
1433865872115,1.3,0.097,0.129,1.2,0.498,0.624,0.9,0.088,0.087,1.2,0.057,0.069 
1433865872215,1.3,0.097,0.129,1.2,0.498,0.624,0.9,0.088,0.087,1.2,0.057,0.069 
1433865872315,1.3,0.097,0.129,1.2,0.494,0.619,0.9,0.088,0.087,1.2,0.057,0.069 
1433865872415,1.3,0.097,0.129,1.2,0.494,0.619,0.9,0.088,0.087,1.2,0.057,0.069 
1433865872515,1.3,0.097,0.129,1.2,0.494,0.619,0.9,0.088,0.087,1.2,0.057,0.069 
1433865872615,1.3,0.097,0.129,1.2,0.498,0.624,0.9,0.088,0.087,1.2,0.058,0.07 
1433865872715,1.3,0.097,0.129,1.2,0.498,0.624,0.9,0.088,0.087,1.2,0.058,0.07 
1433865872815,1.3,0.097,0.129,1.2,0.505,0.633,0.9,0.088,0.087,1.2,0.053,0.064 
1433865872915,1.3,0.097,0.129,1.2,0.505,0.633,0.9,0.088,0.087,1.2,0.053,0.064 
1433865873015,1.3,0.097,0.129,1.2,0.505,0.633,0.9,0.088,0.087,1.2,0.053,0.064 
1433865873115,1.3,0.097,0.129,1.2,0.507,0.636,0.9,0.088,0.087,1.2,0.055,0.066 
1433865873215,1.3,0.097,0.129,1.2,0.507,0.636,0.9,0.088,0.087,1.2,0.055,0.066 
1433865873315,1.3,0.097,0.129,1.2,0.507,0.636,0.9,0.088,0.087,1.2,0.055,0.066 
1433865873415,1.3,0.097,0.129,1.2,0.5,0.627,0.9,0.088,0.087,1.2,0.055,0.066 
1433865873515,1.3,0.097,0.129,1.2,0.5,0.627,0.9,0.088,0.087,1.2,0.055,0.066 
1433865873615,1.3,0.097,0.129,1.2,0.5,0.627,0.9,0.088,0.087,1.2,0.056,0.067 
1433865873715,1.3,0.097,0.129,1.2,0.5,0.627,0.9,0.088,0.087,1.2,0.056,0.067 
1433865873815,1.3,0.097,0.129,1.2,0.5,0.627,0.9,0.088,0.087,1.2,0.056,0.067 
1433865873915,1.3,0.097,0.129,1.2,0.519,0.651,0.9,0.088,0.087,1.2,0.056,0.067 
1433865874015,1.3,0.097,0.129,1.2,0.519,0.651,0.9,0.088,0.087,1.2,0.056,0.067 
1433865874115,1.3,0.097,0.129,1.2,0.504,0.632,0.9,0.088,0.087,1.2,0.05,0.06 
1433865874215,1.3,0.097,0.129,1.2,0.504,0.632,0.9,0.088,0.087,1.2,0.05,0.06 
1433865874315,1.3,0.097,0.129,1.2,0.504,0.632,0.9,0.088,0.087,1.2,0.05,0.06 
1433865874415,1.3,0.097,0.129,1.2,0.507,0.636,0.9,0.088,0.087,1.2,0.054,0.065 
1433865874515,1.3,0.097,0.129,1.2,0.507,0.636,0.9,0.088,0.087,1.2,0.054,0.065 
1433865874615,1.3,0.097,0.129,1.2,0.507,0.636,0.9,0.088,0.087,1.2,0.054,0.065 
1433865874715,1.3,0.097,0.129,1.2,0.495,0.621,0.9,0.088,0.087,1.2,0.056,0.067 
1433865874815,1.3,0.097,0.129,1.2,0.495,0.621,0.9,0.088,0.087,1.2,0.056,0.067 
1433865874915,1.3,0.097,0.129,1.2,0.496,0.622,0.9,0.088,0.087,1.2,0.057,0.069 
1433865875015,1.3,0.097,0.129,1.2,0.496,0.622,0.9,0.088,0.087,1.2,0.057,0.069 
1433865875115,1.3,0.097,0.129,1.2,0.496,0.622,0.9,0.088,0.087,1.2,0.057,0.069 
1433865875215,1.3,0.097,0.129,1.2,0.496,0.622,0.9,0.088,0.087,1.2,0.056,0.067 
1433865875315,1.3,0.097,0.129,1.2,0.496,0.622,0.9,0.088,0.087,1.2,0.056,0.067 
1433865875415,1.3,0.097,0.129,1.2,0.496,0.622,0.9,0.088,0.087,1.2,0.056,0.067 
1433865875515,1.3,0.096,0.128,1.2,0.496,0.622,0.9,0.088,0.087,1.2,0.056,0.067 
1433865875615,1.3,0.096,0.128,1.2,0.496,0.622,0.9,0.088,0.087,1.2,0.056,0.067 
1433865875715,1.3,0.097,0.129,1.2,0.495,0.621,0.9,0.088,0.087,1.2,0.056,0.067 
1433865875815,1.3,0.097,0.129,1.2,0.495,0.621,0.9,0.088,0.087,1.2,0.056,0.067 
1433865875915,1.3,0.097,0.129,1.2,0.495,0.621,0.9,0.088,0.087,1.2,0.056,0.067 
1433865876015,1.3,0.096,0.128,1.2,0.496,0.622,0.9,0.088,0.087,1.2,0.056,0.067 
1433865876115,1.3,0.096,0.128,1.2,0.496,0.622,0.9,0.088,0.087,1.2,0.056,0.067 
1433865876215,1.3,0.096,0.128,1.2,0.496,0.622,0.9,0.088,0.087,1.2,0.056,0.067 
1433865876315,1.3,0.097,0.129,1.2,0.498,0.624,0.9,0.088,0.087,1.2,0.056,0.067 
1433865876415,1.3,0.097,0.129,1.2,0.498,0.624,0.9,0.088,0.087,1.2,0.056,0.067 
1433865876515,1.3,0.096,0.128,1.2,0.511,0.641,0.9,0.088,0.087,1.2,0.049,0.059 
1433865876615,1.3,0.096,0.128,1.2,0.511,0.641,0.9,0.088,0.087,1.2,0.049,0.059 
1433865876715,1.3,0.096,0.128,1.2,0.511,0.641,0.9,0.088,0.087,1.2,0.049,0.059 
1433865876815,1.3,0.097,0.129,1.2,0.511,0.641,0.9,0.088,0.087,1.2,0.055,0.066 
1433865876915,1.3,0.097,0.129,1.2,0.511,0.641,0.9,0.088,0.087,1.2,0.055,0.066 
1433865877015,1.3,0.097,0.129,1.2,0.511,0.641,0.9,0.088,0.087,1.2,0.055,0.066 
1433865877115,1.3,0.097,0.129,1.2,0.496,0.622,0.9,0.088,0.087,1.2,0.056,0.067 
1433865877215,1.3,0.097,0.129,1.2,0.496,0.622,0.9,0.088,0.087,1.2,0.056,0.067 
1433865877315,1.3,0.097,0.129,1.2,0.496,0.622,0.9,0.088,0.087,1.2,0.056,0.067 
1433865877415,1.3,0.097,0.129,1.2,0.496,0.622,0.9,0.088,0.087,1.2,0.056,0.067 
1433865877515,1.3,0.097,0.129,1.2,0.496,0.622,0.9,0.088,0.087,1.2,0.056,0.067 
1433865877615,1.3,0.097,0.129,1.2,0.498,0.624,0.9,0.088,0.087,1.2,0.056,0.067 
1433865877715,1.3,0.097,0.129,1.2,0.498,0.624,0.9,0.088,0.087,1.2,0.056,0.067 
1433865877815,1.3,0.097,0.129,1.2,0.497,0.623,0.9,0.088,0.087,1.2,0.056,0.067 
1433865877915,1.3,0.097,0.129,1.2,0.497,0.623,0.9,0.088,0.087,1.2,0.056,0.067 
1433865878015,1.3,0.097,0.129,1.2,0.497,0.623,0.9,0.088,0.087,1.2,0.056,0.067 
1433865878115,1.3,0.097,0.129,1.2,0.497,0.623,0.9,0.088,0.087,1.2,0.056,0.067 
1433865878215,1.3,0.097,0.129,1.2,0.497,0.623,0.9,0.088,0.087,1.2,0.056,0.067 
1433865878315,1.3,0.097,0.129,1.2,0.497,0.623,0.9,0.088,0.087,1.2,0.056,0.067 
1433865878415,1.3,0.097,0.129,1.2,0.498,0.624,0.9,0.088,0.087,1.2,0.056,0.067 
1433865878515,1.3,0.097,0.129,1.2,0.498,0.624,0.9,0.088,0.087,1.2,0.056,0.067 
1433865878615,1.3,0.097,0.129,1.2,0.497,0.623,0.9,0.088,0.087,1.2,0.056,0.067 
1433865878715,1.3,0.097,0.129,1.2,0.497,0.623,0.9,0.088,0.087,1.2,0.056,0.067 
1433865878815,1.3,0.097,0.129,1.2,0.497,0.623,0.9,0.088,0.087,1.2,0.056,0.067 
1433865878915,1.3,0.097,0.129,1.2,0.498,0.624,0.9,0.088,0.087,1.2,0.056,0.067 
1433865879015,1.3,0.097,0.129,1.2,0.498,0.624,0.9,0.088,0.087,1.2,0.056,0.067 
1433865879115,1.3,0.097,0.129,1.2,0.498,0.624,0.9,0.088,0.087,1.2,0.056,0.067 
1433865879215,1.3,0.097,0.129,1.2,0.498,0.624,0.9,0.088,0.087,1.2,0.056,0.067 
1433865879315,1.3,0.097,0.129,1.2,0.498,0.624,0.9,0.088,0.087,1.2,0.056,0.067 
1433865879415,1.3,0.097,0.129,1.2,0.498,0.624,0.9,0.088,0.087,1.2,0.051,0.061 
1433865879515,1.3,0.097,0.129,1.2,0.498,0.624,0.9,0.088,0.087,1.2,0.051,0.061 
1433865879615,1.3,0.097,0.129,1.2,0.498,0.624,0.9,0.088,0.087,1.2,0.051,0.061 
1433865879715,1.3,0.097,0.129,1.2,0.515,0.646,0.9,0.088,0.087,1.2,0.051,0.061 
1433865879815,1.3,0.097,0.129,1.2,0.515,0.646,0.9,0.088,0.087,1.2,0.051,0.061 
1433865879915,1.3,0.097,0.129,1.2,0.515,0.646,0.9,0.088,0.087,1.2,0.051,0.061 
1433865880015,1.3,0.097,0.129,1.2,0.5,0.627,0.9,0.088,0.087,1.2,0.055,0.066 
1433865880115,1.3,0.097,0.129,1.2,0.5,0.627,0.9,0.088,0.087,1.2,0.055,0.066 
1433865880215,1.3,0.097,0.129,1.2,0.499,0.626,0.9,0.088,0.087,1.2,0.057,0.069 
1433865880315,1.3,0.097,0.129,1.2,0.499,0.626,0.9,0.088,0.087,1.2,0.057,0.069 
1433865880415,1.3,0.097,0.129,1.2,0.499,0.626,0.9,0.088,0.087,1.2,0.057,0.069 
1433865880515,1.3,0.097,0.129,1.2,0.499,0.626,0.9,0.088,0.087,1.2,0.056,0.067 
1433865880615,1.3,0.097,0.129,1.2,0.499,0.626,0.9,0.088,0.087,1.2,0.056,0.067 
1433865880715,1.3,0.097,0.129,1.2,0.501,0.628,0.9,0.088,0.087,1.2,0.056,0.067 
1433865880815,1.3,0.097,0.129,1.2,0.501,0.628,0.9,0.088,0.087,1.2,0.056,0.067 
1433865880915,1.3,0.097,0.129,1.2,0.501,0.628,0.9,0.088,0.087,1.2,0.056,0.067 
1433865881015,1.3,0.097,0.129,1.2,0.498,0.624,0.9,0.088,0.087,1.2,0.056,0.067 
1433865881115,1.3,0.097,0.129,1.2,0.498,0.624,0.9,0.088,0.087,1.2,0.056,0.067 
1433865881215,1.3,0.097,0.129,1.2,0.498,0.624,0.9,0.088,0.087,1.2,0.056,0.067 
1433865881315,1.3,0.097,0.129,1.2,0.5,0.627,0.9,0.088,0.087,1.2,0.057,0.069 
1433865881415,1.3,0.097,0.129,1.2,0.5,0.627,0.9,0.088,0.087,1.2,0.057,0.069 
1433865881515,1.3,0.097,0.129,1.2,0.501,0.628,0.9,0.088,0.087,1.2,0.056,0.067 
1433865881615,1.3,0.097,0.129,1.2,0.501,0.628,0.9,0.088,0.087,1.2,0.056,0.067 
1433865881715,1.3,0.097,0.129,1.2,0.501,0.628,0.9,0.088,0.087,1.2,0.056,0.067 
1433865881815,1.3,0.097,0.129,1.2,0.493,0.618,0.9,0.088,0.087,1.2,0.055,0.066 
1433865881915,1.3,0.097,0.129,1.2,0.493,0.618,0.9,0.088,0.087,1.2,0.055,0.066 
1433865882015,1.3,0.097,0.129,1.2,0.493,0.618,0.9,0.088,0.087,1.2,0.055,0.066 
1433865882115,1.3,0.097,0.129,1.2,0.496,0.622,0.9,0.088,0.087,1.2,0.058,0.07 
1433865882215,1.3,0.097,0.129,1.2,0.496,0.622,0.9,0.088,0.087,1.2,0.058,0.07 
1433865882323,1.3,0.097,0.129,1.2,0.499,0.626,0.9,0.088,0.087,1.2,0.055,0.066 
1433865882415,1.3,0.097,0.129,1.2,0.499,0.626,0.9,0.088,0.087,1.2,0.055,0.066 
1433865882515,1.3,0.097,0.129,1.2,0.499,0.626,0.9,0.088,0.087,1.2,0.055,0.066 
1433865882615,1.3,0.097,0.129,1.2,0.509,0.638,0.9,0.088,0.087,1.2,0.053,0.064 
1433865882715,1.3,0.097,0.129,1.2,0.509,0.638,0.9,0.088,0.087,1.2,0.053,0.064 
1433865882815,1.3,0.097,0.129,1.2,0.509,0.638,0.9,0.088,0.087,1.2,0.053,0.064 
1433865882915,1.3,0.097,0.129,1.2,0.493,0.618,0.9,0.088,0.087,1.2,0.057,0.069 
1433865883015,1.3,0.097,0.129,1.2,0.493,0.618,0.9,0.088,0.087,1.2,0.057,0.069 
1433865883115,1.3,0.097,0.129,1.2,0.493,0.618,0.9,0.088,0.087,1.2,0.057,0.069 
1433865883215,1.3,0.097,0.129,1.2,0.493,0.618,0.9,0.088,0.087,1.2,0.057,0.069 
1433865883315,1.3,0.097,0.129,1.2,0.493,0.618,0.9,0.088,0.087,1.2,0.057,0.069 
1433865883415,1.3,0.097,0.129,1.2,0.515,0.646,0.9,0.088,0.087,1.2,0.052,0.062 
1433865883515,1.3,0.097,0.129,1.2,0.515,0.646,0.9,0.088,0.087,1.2,0.052,0.062 
1433865883615,1.3,0.097,0.129,1.2,0.498,0.624,0.9,0.088,0.087,1.2,0.052,0.062 
1433865883715,1.3,0.097,0.129,1.2,0.498,0.624,0.9,0.088,0.087,1.2,0.052,0.062 
1433865883815,1.3,0.097,0.129,1.2,0.498,0.624,0.9,0.088,0.087,1.2,0.052,0.062 
1433865883915,1.3,0.097,0.129,1.2,0.497,0.623,0.9,0.088,0.087,1.2,0.056,0.067 
1433865884015,1.3,0.097,0.129,1.2,0.497,0.623,0.9,0.088,0.087,1.2,0.056,0.067 
1433865884115,1.3,0.097,0.129,1.2,0.497,0.623,0.9,0.088,0.087,1.2,0.056,0.067 
1433865884215,1.3,0.097,0.129,1.2,0.497,0.623,0.9,0.088,0.087,1.2,0.056,0.067 
1433865884315,1.3,0.097,0.129,1.2,0.497,0.623,0.9,0.088,0.087,1.2,0.056,0.067 
1433865884415,1.3,0.097,0.129,1.2,0.496,0.622,0.9,0.088,0.087,1.2,0.056,0.067 
1433865884515,1.3,0.097,0.129,1.2,0.496,0.622,0.9,0.088,0.087,1.2,0.056,0.067 
1433865884615,1.3,0.097,0.129,1.2,0.496,0.622,0.9,0.088,0.087,1.2,0.056,0.067 
1433865884715,1.3,0.097,0.129,1.2,0.498,0.624,0.9,0.088,0.087,1.2,0.056,0.067 
1433865884815,1.3,0.097,0.129,1.2,0.498,0.624,0.9,0.088,0.087,1.2,0.056,0.067 
1433865884915,1.3,0.097,0.129,1.2,0.498,0.624,0.9,0.088,0.087,1.2,0.056,0.067 
1433865885015,1.3,0.097,0.129,1.2,0.496,0.622,0.9,0.088,0.087,1.2,0.056,0.067 
1433865885115,1.3,0.097,0.129,1.2,0.496,0.622,0.9,0.088,0.087,1.2,0.056,0.067 
1433865885215,1.3,0.097,0.129,1.2,0.496,0.622,0.9,0.088,0.087,1.2,0.056,0.067 
1433865885315,1.3,0.097,0.129,1.2,0.496,0.622,0.9,0.088,0.087,1.2,0.056,0.067 
1433865885415,1.3,0.097,0.129,1.2,0.496,0.622,0.9,0.088,0.087,1.2,0.056,0.067 
1433865885515,1.3,0.097,0.129,1.2,0.511,0.641,0.9,0.088,0.087,1.2,0.049,0.059 
1433865885615,1.3,0.097,0.129,1.2,0.511,0.641,0.9,0.088,0.087,1.2,0.049,0.059 
1433865885715,1.3,0.097,0.129,1.2,0.511,0.641,0.9,0.088,0.087,1.2,0.049,0.059 
1433865885815,1.3,0.097,0.129,1.2,0.506,0.635,0.9,0.088,0.087,1.2,0.056,0.067 
1433865885915,1.3,0.097,0.129,1.2,0.506,0.635,0.9,0.088,0.087,1.2,0.056,0.067 
1433865886015,1.3,0.097,0.129,1.2,0.5,0.627,0.9,0.088,0.087,1.2,0.056,0.067 
1433865886115,1.3,0.097,0.129,1.2,0.5,0.627,0.9,0.088,0.087,1.2,0.056,0.067 
1433865886215,1.3,0.097,0.129,1.2,0.5,0.627,0.9,0.088,0.087,1.2,0.056,0.067 
1433865886315,1.3,0.097,0.129,1.2,0.498,0.624,0.9,0.088,0.087,1.2,0.056,0.067 
1433865886415,1.3,0.097,0.129,1.2,0.498,0.624,0.9,0.088,0.087,1.2,0.056,0.067 
1433865886515,1.3,0.097,0.129,1.2,0.498,0.624,0.9,0.088,0.087,1.2,0.056,0.067 
1433865886615,1.3,0.097,0.129,1.2,0.5,0.627,0.9,0.088,0.087,1.2,0.056,0.067 
1433865886715,1.3,0.097,0.129,1.2,0.5,0.627,0.9,0.088,0.087,1.2,0.056,0.067 
1433865886815,1.3,0.097,0.129,1.2,0.499,0.626,0.9,0.088,0.087,1.2,0.056,0.067 
1433865886915,1.3,0.097,0.129,1.2,0.499,0.626,0.9,0.088,0.087,1.2,0.056,0.067 
1433865887015,1.3,0.097,0.129,1.2,0.499,0.626,0.9,0.088,0.087,1.2,0.056,0.067 
1433865887115,1.3,0.097,0.129,1.2,0.499,0.626,0.9,0.088,0.087,1.2,0.056,0.067 
1433865887215,1.3,0.097,0.129,1.2,0.499,0.626,0.9,0.088,0.087,1.2,0.056,0.067 
1433865887315,1.3,0.097,0.129,1.2,0.499,0.626,0.9,0.088,0.087,1.2,0.056,0.067 
1433865887415,1.3,0.097,0.129,1.2,0.499,0.626,0.9,0.088,0.087,1.2,0.056,0.067 
1433865887515,1.3,0.097,0.129,1.2,0.499,0.626,0.9,0.088,0.087,1.2,0.056,0.067 
1433865887615,1.3,0.097,0.129,1.2,0.498,0.624,0.9,0.088,0.087,1.2,0.057,0.069 
1433865887715,1.3,0.097,0.129,1.2,0.498,0.624,0.9,0.088,0.087,1.2,0.057,0.069 
1433865887815,1.3,0.097,0.129,1.2,0.498,0.624,0.9,0.088,0.087,1.2,0.057,0.069 
1433865887915,1.3,0.097,0.129,1.2,0.5,0.627,0.9,0.088,0.087,1.2,0.056,0.067 
1433865888015,1.3,0.097,0.129,1.2,0.5,0.627,0.9,0.088,0.087,1.2,0.056,0.067 
1433865888115,1.3,0.097,0.129,1.2,0.516,0.647,0.9,0.088,0.087,1.2,0.048,0.058 
1433865888215,1.3,0.097,0.129,1.2,0.516,0.647,0.9,0.088,0.087,1.2,0.048,0.058 
1433865888315,1.3,0.097,0.129,1.2,0.516,0.647,0.9,0.088,0.087,1.2,0.048,0.058 
1433865888415,1.3,0.097,0.129,1.2,0.501,0.628,0.9,0.088,0.087,1.2,0.056,0.067 
1433865888515,1.3,0.097,0.129,1.2,0.501,0.628,0.9,0.088,0.087,1.2,0.056,0.067 
1433865888615,1.3,0.097,0.129,1.2,0.501,0.628,0.9,0.088,0.087,1.2,0.056,0.067 
1433865888715,1.3,0.097,0.129,1.2,0.5,0.627,0.9,0.088,0.087,1.2,0.054,0.065 
1433865888815,1.3,0.097,0.129,1.2,0.5,0.627,0.9,0.088,0.087,1.2,0.054,0.065 
1433865888915,1.3,0.097,0.129,1.2,0.496,0.622,0.9,0.088,0.087,1.2,0.056,0.067 
1433865889015,1.3,0.097,0.129,1.2,0.496,0.622,0.9,0.088,0.087,1.2,0.056,0.067 
1433865889115,1.3,0.097,0.129,1.2,0.496,0.622,0.9,0.088,0.087,1.2,0.056,0.067 
1433865889215,1.3,0.097,0.129,1.2,0.495,0.621,0.9,0.089,0.088,1.2,0.057,0.069 
1433865889315,1.3,0.097,0.129,1.2,0.495,0.621,0.9,0.089,0.088,1.2,0.057,0.069 
1433865889415,1.3,0.097,0.129,1.2,0.495,0.621,0.9,0.089,0.088,1.2,0.057,0.069 
1433865889515,1.3,0.097,0.129,1.2,0.494,0.619,0.9,0.088,0.087,1.2,0.056,0.067 
1433865889615,1.3,0.097,0.129,1.2,0.494,0.619,0.9,0.088,0.087,1.2,0.056,0.067 
1433865889715,1.3,0.097,0.129,1.2,0.498,0.624,0.9,0.089,0.088,1.2,0.056,0.067 
1433865889815,1.3,0.097,0.129,1.2,0.498,0.624,0.9,0.089,0.088,1.2,0.056,0.067 
1433865889915,1.3,0.097,0.129,1.2,0.498,0.624,0.9,0.089,0.088,1.2,0.056,0.067 
1433865890015,1.3,0.097,0.129,1.2,0.495,0.621,0.9,0.088,0.087,1.2,0.056,0.067 
1433865890115,1.3,0.097,0.129,1.2,0.495,0.621,0.9,0.088,0.087,1.2,0.056,0.067 
1433865890215,1.3,0.097,0.129,1.2,0.497,0.623,0.9,0.088,0.087,1.2,0.056,0.067 
1433865890315,1.3,0.097,0.129,1.2,0.497,0.623,0.9,0.088,0.087,1.2,0.056,0.067 
1433865890415,1.3,0.097,0.129,1.2,0.497,0.623,0.9,0.088,0.087,1.2,0.056,0.067 
1433865890515,1.3,0.097,0.129,1.2,0.498,0.624,0.9,0.088,0.087,1.2,0.056,0.067 
1433865890615,1.3,0.097,0.129,1.2,0.498,0.624,0.9,0.088,0.087,1.2,0.056,0.067 
1433865890715,1.3,0.097,0.129,1.2,0.498,0.624,0.9,0.088,0.087,1.2,0.056,0.067 
1433865890815,1.3,0.098,0.13,1.2,0.495,0.621,0.9,0.088,0.087,1.2,0.056,0.067 
1433865890915,1.3,0.098,0.13,1.2,0.495,0.621,0.9,0.088,0.087,1.2,0.056,0.067 
1433865891015,1.3,0.098,0.13,1.2,0.497,0.623,0.9,0.088,0.087,1.2,0.057,0.069 
1433865891115,1.3,0.098,0.13,1.2,0.497,0.623,0.9,0.088,0.087,1.2,0.057,0.069 
1433865891215,1.3,0.098,0.13,1.2,0.497,0.623,0.9,0.088,0.087,1.2,0.057,0.069 
1433865891315,1.3,0.097,0.129,1.2,0.507,0.636,0.9,0.088,0.087,1.2,0.054,0.065 
1433865891415,1.3,0.097,0.129,1.2,0.507,0.636,0.9,0.088,0.087,1.2,0.054,0.065 
1433865891515,1.3,0.097,0.129,1.2,0.507,0.636,0.9,0.088,0.087,1.2,0.054,0.065 
1433865891615,1.3,0.097,0.129,1.2,0.507,0.636,0.9,0.089,0.088,1.2,0.053,0.064 
1433865891715,1.3,0.097,0.129,1.2,0.507,0.636,0.9,0.089,0.088,1.2,0.053,0.064 
1433865891815,1.3,0.097,0.129,1.2,0.502,0.63,0.9,0.088,0.087,1.2,0.057,0.069 
1433865891915,1.3,0.097,0.129,1.2,0.502,0.63,0.9,0.088,0.087,1.2,0.057,0.069 
1433865892015,1.3,0.097,0.129,1.2,0.502,0.63,0.9,0.088,0.087,1.2,0.057,0.069 
1433865892115,1.3,0.097,0.129,1.2,0.497,0.623,0.9,0.088,0.087,1.2,0.056,0.067 
1433865892215,1.3,0.097,0.129,1.2,0.497,0.623,0.9,0.088,0.087,1.2,0.056,0.067 
1433865892315,1.3,0.097,0.129,1.2,0.497,0.623,0.9,0.088,0.087,1.2,0.056,0.067 
1433865892415,1.3,0.097,0.129,1.2,0.505,0.633,0.9,0.089,0.088,1.2,0.047,0.056 
1433865892515,1.3,0.097,0.129,1.2,0.505,0.633,0.9,0.089,0.088,1.2,0.047,0.056 
1433865892615,1.3,0.097,0.129,1.2,0.517,0.648,0.9,0.089,0.088,1.2,0.047,0.056 
1433865892715,1.3,0.097,0.129,1.2,0.517,0.648,0.9,0.089,0.088,1.2,0.047,0.056 
1433865892815,1.3,0.097,0.129,1.2,0.517,0.648,0.9,0.089,0.088,1.2,0.047,0.056 
1433865892915,1.3,0.098,0.13,1.2,0.498,0.624,0.9,0.088,0.087,1.2,0.056,0.067 
1433865893015,1.3,0.098,0.13,1.2,0.498,0.624,0.9,0.088,0.087,1.2,0.056,0.067 
1433865893115,1.3,0.098,0.13,1.2,0.498,0.624,0.9,0.088,0.087,1.2,0.056,0.067 
1433865893215,1.3,0.098,0.13,1.2,0.498,0.624,0.9,0.088,0.087,1.2,0.056,0.067 
1433865893315,1.3,0.098,0.13,1.2,0.498,0.624,0.9,0.088,0.087,1.2,0.056,0.067 
1433865893415,1.3,0.098,0.13,1.2,0.5,0.627,0.9,0.088,0.087,1.2,0.056,0.067 
1433865893515,1.3,0.098,0.13,1.2,0.5,0.627,0.9,0.088,0.087,1.2,0.056,0.067 
1433865893615,1.3,0.098,0.13,1.2,0.5,0.627,0.9,0.088,0.087,1.2,0.056,0.067 
1433865893715,1.3,0.098,0.13,1.2,0.498,0.624,0.9,0.088,0.087,1.2,0.057,0.069 
1433865893815,1.3,0.098,0.13,1.2,0.498,0.624,0.9,0.088,0.087,1.2,0.057,0.069 
1433865893915,1.3,0.097,0.129,1.2,0.5,0.627,0.9,0.088,0.087,1.2,0.056,0.067 
1433865894015,1.3,0.097,0.129,1.2,0.5,0.627,0.9,0.088,0.087,1.2,0.056,0.067 
1433865894115,1.3,0.097,0.129,1.2,0.5,0.627,0.9,0.088,0.087,1.2,0.056,0.067 
1433865894215,1.3,0.097,0.129,1.2,0.499,0.626,0.9,0.088,0.087,1.2,0.056,0.067 
1433865894315,1.3,0.097,0.129,1.2,0.499,0.626,0.9,0.088,0.087,1.2,0.056,0.067 
1433865894415,1.3,0.097,0.129,1.2,0.499,0.626,0.9,0.088,0.087,1.2,0.056,0.067 
1433865894515,1.3,0.097,0.129,1.2,0.5,0.627,0.9,0.088,0.087,1.2,0.056,0.067 
1433865894615,1.3,0.097,0.129,1.2,0.5,0.627,0.9,0.088,0.087,1.2,0.056,0.067 
1433865894715,1.3,0.097,0.129,1.2,0.514,0.645,0.9,0.088,0.087,1.2,0.048,0.058 
1433865894815,1.3,0.097,0.129,1.2,0.514,0.645,0.9,0.088,0.087,1.2,0.048,0.058 
1433865894915,1.3,0.097,0.129,1.2,0.514,0.645,0.9,0.088,0.087,1.2,0.048,0.058 
1433865895015,1.3,0.097,0.129,1.2,0.502,0.63,0.9,0.088,0.087,1.2,0.056,0.067 
1433865895115,1.3,0.097,0.129,1.2,0.502,0.63,0.9,0.088,0.087,1.2,0.056,0.067 
1433865895215,1.3,0.097,0.129,1.2,0.502,0.63,0.9,0.088,0.087,1.2,0.056,0.067 
1433865895315,1.3,0.097,0.129,1.2,0.502,0.63,0.9,0.088,0.087,1.2,0.056,0.067 
1433865895415,1.3,0.097,0.129,1.2,0.502,0.63,0.9,0.088,0.087,1.2,0.056,0.067 
1433865895515,1.3,0.098,0.13,1.2,0.508,0.637,0.9,0.088,0.087,1.2,0.053,0.064 
1433865895615,1.3,0.098,0.13,1.2,0.508,0.637,0.9,0.088,0.087,1.2,0.053,0.064 
1433865895715,1.3,0.098,0.13,1.2,0.508,0.637,0.9,0.088,0.087,1.2,0.053,0.064 
1433865895815,1.3,0.098,0.13,1.2,0.497,0.623,0.9,0.088,0.087,1.2,0.056,0.067 
1433865895915,1.3,0.098,0.13,1.2,0.497,0.623,0.9,0.088,0.087,1.2,0.056,0.067 
1433865896015,1.3,0.097,0.129,1.2,0.495,0.621,0.9,0.088,0.087,1.2,0.055,0.066 
1433865896115,1.3,0.097,0.129,1.2,0.495,0.621,0.9,0.088,0.087,1.2,0.055,0.066 
1433865896215,1.3,0.097,0.129,1.2,0.495,0.621,0.9,0.088,0.087,1.2,0.055,0.066 
1433865896315,1.3,0.098,0.13,1.2,0.498,0.624,0.9,0.088,0.087,1.2,0.056,0.067 
1433865896415,1.3,0.098,0.13,1.2,0.498,0.624,0.9,0.088,0.087,1.2,0.056,0.067 
1433865896515,1.3,0.098,0.13,1.2,0.498,0.624,0.9,0.088,0.087,1.2,0.056,0.067 
1433865896615,1.3,0.097,0.129,1.2,0.497,0.623,0.9,0.088,0.087,1.2,0.055,0.066 
1433865896715,1.3,0.097,0.129,1.2,0.497,0.623,0.9,0.088,0.087,1.2,0.055,0.066 
1433865896815,1.3,0.098,0.13,1.2,0.512,0.642,0.9,0.088,0.087,1.2,0.047,0.056 
1433865896915,1.3,0.098,0.13,1.2,0.512,0.642,0.9,0.088,0.087,1.2,0.047,0.056 
1433865897015,1.3,0.098,0.13,1.2,0.512,0.642,0.9,0.088,0.087,1.2,0.047,0.056 
1433865897115,1.3,0.097,0.129,1.2,0.498,0.624,0.9,0.088,0.087,1.2,0.055,0.066 
1433865897215,1.3,0.097,0.129,1.2,0.498,0.624,0.9,0.088,0.087,1.2,0.055,0.066 
1433865897315,1.3,0.097,0.129,1.2,0.498,0.624,0.9,0.088,0.087,1.2,0.055,0.066 
1433865897415,1.3,0.098,0.13,1.2,0.496,0.622,0.9,0.088,0.087,1.2,0.056,0.067 
1433865897515,1.3,0.098,0.13,1.2,0.496,0.622,0.9,0.088,0.087,1.2,0.056,0.067 
1433865897615,1.3,0.097,0.129,1.2,0.498,0.624,0.9,0.089,0.088,1.2,0.056,0.067 
1433865897715,1.3,0.097,0.129,1.2,0.498,0.624,0.9,0.089,0.088,1.2,0.056,0.067 
1433865897815,1.3,0.097,0.129,1.2,0.498,0.624,0.9,0.089,0.088,1.2,0.056,0.067 
1433865897915,1.3,0.098,0.13,1.2,0.496,0.622,0.9,0.088,0.087,1.2,0.056,0.067 
1433865898015,1.3,0.098,0.13,1.2,0.496,0.622,0.9,0.088,0.087,1.2,0.056,0.067 
1433865898115,1.3,0.098,0.13,1.2,0.496,0.622,0.9,0.088,0.087,1.2,0.056,0.067 
1433865898215,1.3,0.098,0.13,1.2,0.499,0.626,0.9,0.088,0.087,1.2,0.056,0.067 
1433865898315,1.3,0.098,0.13,1.2,0.499,0.626,0.9,0.088,0.087,1.2,0.056,0.067 
1433865898415,1.3,0.098,0.13,1.2,0.499,0.626,0.9,0.088,0.087,1.2,0.055,0.066 
1433865898515,1.3,0.098,0.13,1.2,0.499,0.626,0.9,0.088,0.087,1.2,0.055,0.066 
1433865898615,1.3,0.098,0.13,1.2,0.499,0.626,0.9,0.088,0.087,1.2,0.055,0.066 
1433865898715,1.3,0.098,0.13,1.2,0.5,0.627,0.9,0.088,0.087,1.2,0.055,0.066 
1433865898815,1.3,0.098,0.13,1.2,0.5,0.627,0.9,0.088,0.087,1.2,0.055,0.066 
1433865898915,1.3,0.098,0.13,1.2,0.5,0.627,0.9,0.088,0.087,1.2,0.055,0.066 
1433865899015,1.3,0.098,0.13,1.2,0.5,0.627,0.9,0.088,0.087,1.2,0.055,0.066 
1433865899115,1.3,0.098,0.13,1.2,0.5,0.627,0.9,0.088,0.087,1.2,0.055,0.066 
1433865899215,1.3,0.098,0.13,1.2,0.496,0.622,0.9,0.089,0.088,1.2,0.057,0.069 
1433865899315,1.3,0.098,0.13,1.2,0.496,0.622,0.9,0.089,0.088,1.2,0.057,0.069 
1433865899415,1.3,0.098,0.13,1.2,0.496,0.622,0.9,0.089,0.088,1.2,0.057,0.069 
1433865899515,1.3,0.098,0.13,1.2,0.499,0.626,0.9,0.088,0.087,1.2,0.055,0.066 
1433865899615,1.3,0.098,0.13,1.2,0.499,0.626,0.9,0.088,0.087,1.2,0.055,0.066 
1433865899715,1.3,0.098,0.13,1.2,0.503,0.631,0.9,0.088,0.087,1.2,0.054,0.065 
1433865899815,1.3,0.098,0.13,1.2,0.503,0.631,0.9,0.088,0.087,1.2,0.054,0.065 
1433865899915,1.3,0.098,0.13,1.2,0.503,0.631,0.9,0.088,0.087,1.2,0.054,0.065 
1433865900015,1.3,0.098,0.13,1.2,0.514,0.645,0.9,0.088,0.087,1.2,0.052,0.062 
1433865900115,1.3,0.098,0.13,1.2,0.514,0.645,0.9,0.088,0.087,1.2,0.052,0.062 
1433865900215,1.3,0.098,0.13,1.2,0.514,0.645,0.9,0.088,0.087,1.2,0.052,0.062 
1433865900315,1.3,0.098,0.13,1.2,0.499,0.626,0.9,0.088,0.087,1.2,0.056,0.067 
1433865900415,1.3,0.098,0.13,1.2,0.499,0.626,0.9,0.088,0.087,1.2,0.056,0.067 
1433865900515,1.3,0.098,0.13,1.2,0.498,0.624,0.9,0.088,0.087,1.2,0.056,0.067 
1433865900615,1.3,0.098,0.13,1.2,0.498,0.624,0.9,0.088,0.087,1.2,0.056,0.067 
1433865900715,1.3,0.098,0.13,1.2,0.498,0.624,0.9,0.088,0.087,1.2,0.056,0.067 
1433865900815,1.3,0.098,0.13,1.2,0.516,0.647,0.9,0.088,0.087,1.2,0.048,0.058 
1433865900915,1.3,0.098,0.13,1.2,0.516,0.647,0.9,0.088,0.087,1.2,0.048,0.058 
1433865901015,1.3,0.098,0.13,1.2,0.516,0.647,0.9,0.088,0.087,1.2,0.048,0.058 
1433865901115,1.3,0.098,0.13,1.2,0.5,0.627,0.9,0.089,0.088,1.2,0.056,0.067 
1433865901215,1.3,0.098,0.13,1.2,0.5,0.627,0.9,0.089,0.088,1.2,0.056,0.067 
1433865901315,1.3,0.098,0.13,1.2,0.502,0.63,0.9,0.088,0.087,1.2,0.055,0.066 
1433865901415,1.3,0.098,0.13,1.2,0.502,0.63,0.9,0.088,0.087,1.2,0.055,0.066 
1433865901515,1.3,0.098,0.13,1.2,0.502,0.63,0.9,0.088,0.087,1.2,0.055,0.066 
1433865901615,1.3,0.098,0.13,1.2,0.501,0.628,0.9,0.088,0.087,1.2,0.055,0.066 
1433865901715,1.3,0.098,0.13,1.2,0.501,0.628,0.9,0.088,0.087,1.2,0.055,0.066 
1433865901815,1.3,0.098,0.13,1.2,0.501,0.628,0.9,0.088,0.087,1.2,0.055,0.066 
1433865901915,1.3,0.098,0.13,1.2,0.501,0.628,0.9,0.088,0.087,1.2,0.056,0.067 
1433865902015,1.3,0.098,0.13,1.2,0.501,0.628,0.9,0.088,0.087,1.2,0.056,0.067 
1433865902115,1.3,0.098,0.13,1.2,0.501,0.628,0.9,0.088,0.087,1.2,0.055,0.066 
1433865902215,1.3,0.098,0.13,1.2,0.501,0.628,0.9,0.088,0.087,1.2,0.055,0.066 
1433865902315,1.3,0.098,0.13,1.2,0.501,0.628,0.9,0.088,0.087,1.2,0.055,0.066 
1433865902415,1.3,0.098,0.13,1.2,0.504,0.632,0.9,0.088,0.087,1.2,0.055,0.066 
1433865902515,1.3,0.098,0.13,1.2,0.504,0.632,0.9,0.088,0.087,1.2,0.055,0.066 
1433865902615,1.3,0.098,0.13,1.2,0.511,0.641,0.9,0.088,0.087,1.2,0.053,0.064 
1433865902715,1.3,0.098,0.13,1.2,0.511,0.641,0.9,0.088,0.087,1.2,0.053,0.064 
1433865902815,1.3,0.098,0.13,1.2,0.511,0.641,0.9,0.088,0.087,1.2,0.053,0.064 
1433865902915,1.3,0.098,0.13,1.2,0.5,0.627,0.9,0.089,0.088,1.2,0.056,0.067 
1433865903015,1.3,0.098,0.13,1.2,0.5,0.627,0.9,0.089,0.088,1.2,0.056,0.067 
1433865903115,1.3,0.098,0.13,1.2,0.5,0.627,0.9,0.089,0.088,1.2,0.056,0.067 
1433865903215,1.3,0.098,0.13,1.2,0.502,0.63,0.9,0.089,0.088,1.2,0.054,0.065 
1433865903315,1.3,0.098,0.13,1.2,0.502,0.63,0.9,0.089,0.088,1.2,0.054,0.065 
1433865903415,1.3,0.098,0.13,1.2,0.513,0.643,0.9,0.089,0.088,1.2,0.049,0.059 
1433865903515,1.3,0.098,0.13,1.2,0.513,0.643,0.9,0.089,0.088,1.2,0.049,0.059 
1433865903615,1.3,0.098,0.13,1.2,0.513,0.643,0.9,0.089,0.088,1.2,0.049,0.059 
1433865903715,1.3,0.098,0.13,1.2,0.5,0.627,0.9,0.088,0.087,1.2,0.056,0.067 
1433865903815,1.3,0.098,0.13,1.2,0.5,0.627,0.9,0.088,0.087,1.2,0.056,0.067 
1433865903915,1.3,0.098,0.13,1.2,0.5,0.627,0.9,0.088,0.087,1.2,0.056,0.067 
1433865904015,1.3,0.098,0.13,1.2,0.5,0.627,0.9,0.088,0.087,1.2,0.056,0.067 
1433865904115,1.3,0.098,0.13,1.2,0.5,0.627,0.9,0.088,0.087,1.2,0.056,0.067 
1433865904215,1.3,0.098,0.13,1.2,0.5,0.627,0.9,0.088,0.087,1.2,0.056,0.067 
1433865904315,1.3,0.098,0.13,1.2,0.5,0.627,0.9,0.088,0.087,1.2,0.056,0.067 
1433865904415,1.3,0.098,0.13,1.2,0.5,0.627,0.9,0.088,0.087,1.2,0.056,0.067 
1433865904515,1.3,0.098,0.13,1.2,0.499,0.626,0.9,0.088,0.087,1.2,0.056,0.067 
1433865904615,1.3,0.098,0.13,1.2,0.499,0.626,0.9,0.088,0.087,1.2,0.056,0.067 
1433865904715,1.3,0.098,0.13,1.2,0.499,0.626,0.9,0.088,0.087,1.2,0.056,0.067 
1433865904815,1.3,0.098,0.13,1.2,0.499,0.626,0.9,0.088,0.087,1.2,0.056,0.067 
1433865904915,1.3,0.098,0.13,1.2,0.499,0.626,0.9,0.088,0.087,1.2,0.056,0.067 
1433865905015,1.3,0.098,0.13,1.2,0.5,0.627,0.9,0.088,0.087,1.2,0.056,0.067 
1433865905115,1.3,0.098,0.13,1.2,0.5,0.627,0.9,0.088,0.087,1.2,0.056,0.067 
1433865905215,1.3,0.098,0.13,1.2,0.5,0.627,0.9,0.088,0.087,1.2,0.056,0.067 
1433865905315,1.3,0.098,0.13,1.2,0.503,0.631,0.9,0.089,0.088,1.2,0.057,0.069 
1433865905415,1.3,0.098,0.13,1.2,0.503,0.631,0.9,0.089,0.088,1.2,0.057,0.069 
1433865905515,1.3,0.098,0.13,1.2,0.521,0.653,0.9,0.089,0.088,1.2,0.057,0.069 
1433865905615,1.3,0.098,0.13,1.2,0.521,0.653,0.9,0.088,0.087,1.2,0.057,0.069 
1433865905715,1.3,0.098,0.13,1.2,0.521,0.653,0.9,0.088,0.087,1.2,0.057,0.069 
1433865905815,1.3,0.098,0.13,1.2,0.501,0.628,0.9,0.089,0.088,1.2,0.047,0.056 
1433865905915,1.3,0.098,0.13,1.2,0.501,0.628,0.9,0.089,0.088,1.2,0.047,0.056 
1433865906015,1.3,0.098,0.13,1.2,0.501,0.628,0.9,0.089,0.088,1.2,0.047,0.056 
1433865906115,1.3,0.098,0.13,1.2,0.503,0.631,0.9,0.088,0.087,1.2,0.056,0.067 
1433865906215,1.3,0.098,0.13,1.2,0.503,0.631,0.9,0.088,0.087,1.2,0.056,0.067 
1433865906315,1.3,0.098,0.13,1.2,0.503,0.631,0.9,0.088,0.087,1.2,0.056,0.067 
1433865906415,1.3,0.098,0.13,1.2,0.503,0.631,0.9,0.088,0.087,1.2,0.056,0.067 
1433865906515,1.3,0.098,0.13,1.2,0.503,0.631,0.9,0.088,0.087,1.2,0.056,0.067 
1433865906615,1.3,0.098,0.13,1.2,0.501,0.628,0.9,0.088,0.087,1.2,0.056,0.067 
1433865906715,1.3,0.098,0.13,1.2,0.501,0.628,0.9,0.088,0.087,1.2,0.056,0.067 
1433865906815,1.3,0.098,0.13,1.2,0.501,0.628,0.9,0.088,0.087,1.2,0.056,0.067 
1433865906915,1.3,0.098,0.13,1.2,0.503,0.631,0.9,0.089,0.088,1.2,0.056,0.067 
1433865907015,1.3,0.098,0.13,1.2,0.503,0.631,0.9,0.089,0.088,1.2,0.056,0.067 
1433865907115,1.3,0.098,0.13,1.2,0.501,0.628,0.9,0.089,0.088,1.2,0.056,0.067 
1433865907215,1.3,0.098,0.13,1.2,0.501,0.628,0.9,0.089,0.088,1.2,0.056,0.067 
1433865907315,1.3,0.098,0.13,1.2,0.501,0.628,0.9,0.089,0.088,1.2,0.056,0.067 
1433865907415,1.3,0.098,0.13,1.2,0.501,0.628,0.9,0.088,0.087,1.2,0.056,0.067 
1433865907515,1.3,0.098,0.13,1.2,0.501,0.628,0.9,0.088,0.087,1.2,0.056,0.067 
1433865907615,1.3,0.098,0.13,1.2,0.501,0.628,0.9,0.088,0.087,1.2,0.056,0.067 
1433865907715,1.3,0.098,0.13,1.2,0.501,0.628,0.9,0.088,0.087,1.2,0.057,0.069 
1433865907815,1.3,0.098,0.13,1.2,0.501,0.628,0.9,0.088,0.087,1.2,0.057,0.069 
1433865907915,1.3,0.098,0.13,1.2,0.502,0.63,0.9,0.089,0.088,1.2,0.053,0.064 
1433865908015,1.3,0.098,0.13,1.2,0.502,0.63,0.9,0.089,0.088,1.2,0.053,0.064 
1433865908115,1.3,0.098,0.13,1.2,0.502,0.63,0.9,0.089,0.088,1.2,0.053,0.064 
1433865908215,1.3,0.098,0.13,1.2,0.517,0.648,0.9,0.088,0.087,1.2,0.053,0.064 
1433865908315,1.3,0.098,0.13,1.2,0.517,0.648,0.9,0.088,0.087,1.2,0.053,0.064 
1433865908415,1.3,0.098,0.13,1.2,0.517,0.648,0.9,0.088,0.087,1.2,0.053,0.064 
1433865908515,1.3,0.098,0.13,1.2,0.502,0.63,0.9,0.089,0.088,1.2,0.056,0.067 
1433865908615,1.3,0.098,0.13,1.2,0.502,0.63,0.9,0.089,0.088,1.2,0.056,0.067 
1433865908715,1.3,0.098,0.13,1.2,0.505,0.633,0.9,0.089,0.088,1.2,0.057,0.069 
1433865908815,1.3,0.098,0.13,1.2,0.505,0.633,0.9,0.089,0.088,1.2,0.057,0.069 
1433865908915,1.3,0.098,0.13,1.2,0.505,0.633,0.9,0.089,0.088,1.2,0.057,0.069 
1433865909015,1.3,0.098,0.13,1.2,0.506,0.635,0.9,0.089,0.088,1.2,0.052,0.062 
1433865909115,1.3,0.098,0.13,1.2,0.506,0.635,0.9,0.089,0.088,1.2,0.052,0.062 
1433865909215,1.3,0.098,0.13,1.2,0.514,0.645,0.9,0.089,0.088,1.2,0.051,0.061 
1433865909315,1.3,0.098,0.13,1.2,0.514,0.645,0.9,0.089,0.088,1.2,0.051,0.061 
1433865909415,1.3,0.098,0.13,1.2,0.514,0.645,0.9,0.089,0.088,1.2,0.051,0.061 
1433865909515,1.3,0.098,0.13,1.2,0.505,0.633,0.9,0.088,0.087,1.2,0.051,0.061 
1433865909615,1.3,0.098,0.13,1.2,0.505,0.633,0.9,0.088,0.087,1.2,0.051,0.061 
1433865909715,1.3,0.098,0.13,1.2,0.505,0.633,0.9,0.088,0.087,1.2,0.051,0.061 
1433865909815,1.3,0.098,0.13,1.2,0.495,0.621,0.9,0.088,0.087,1.2,0.056,0.067 
1433865909915,1.3,0.098,0.13,1.2,0.495,0.621,0.9,0.088,0.087,1.2,0.056,0.067 
1433865910015,1.3,0.098,0.13,1.2,0.496,0.622,0.9,0.089,0.088,1.2,0.056,0.067 
1433865910115,1.3,0.098,0.13,1.2,0.496,0.622,0.9,0.089,0.088,1.2,0.056,0.067 
1433865910215,1.3,0.098,0.13,1.2,0.496,0.622,0.9,0.089,0.088,1.2,0.056,0.067 
1433865910315,1.3,0.098,0.13,1.2,0.496,0.622,0.9,0.089,0.088,1.2,0.056,0.067 
1433865910415,1.3,0.098,0.13,1.2,0.496,0.622,0.9,0.089,0.088,1.2,0.056,0.067 
1433865910515,1.3,0.098,0.13,1.2,0.496,0.622,0.9,0.089,0.088,1.2,0.056,0.067 
1433865910615,1.3,0.098,0.13,1.2,0.497,0.623,0.9,0.089,0.088,1.2,0.056,0.067 
1433865910715,1.3,0.098,0.13,1.2,0.497,0.623,0.9,0.089,0.088,1.2,0.056,0.067 
1433865910815,1.3,0.098,0.13,1.2,0.496,0.622,0.9,0.089,0.088,1.2,0.056,0.067 
1433865910915,1.3,0.098,0.13,1.2,0.496,0.622,0.9,0.089,0.088,1.2,0.056,0.067 
1433865911015,1.3,0.098,0.13,1.2,0.496,0.622,0.9,0.089,0.088,1.2,0.056,0.067 
1433865911115,1.3,0.098,0.13,1.2,0.493,0.618,0.9,0.089,0.088,1.2,0.055,0.066 
1433865911215,1.3,0.098,0.13,1.2,0.493,0.618,0.9,0.089,0.088,1.2,0.055,0.066 
1433865911315,1.3,0.098,0.13,1.2,0.493,0.618,0.9,0.089,0.088,1.2,0.055,0.066 
1433865911415,1.3,0.098,0.13,1.2,0.504,0.632,0.9,0.088,0.087,1.2,0.047,0.056 
1433865911515,1.3,0.098,0.13,1.2,0.504,0.632,0.9,0.088,0.087,1.2,0.047,0.056 
1433865911615,1.3,0.098,0.13,1.2,0.508,0.637,0.9,0.089,0.088,1.2,0.055,0.066 
1433865911715,1.3,0.098,0.13,1.2,0.508,0.637,0.9,0.089,0.088,1.2,0.055,0.066 
1433865911815,1.3,0.098,0.13,1.2,0.508,0.637,0.9,0.089,0.088,1.2,0.055,0.066 
1433865911915,1.3,0.098,0.13,1.2,0.498,0.624,0.9,0.088,0.087,1.2,0.055,0.066 
1433865912015,1.3,0.098,0.13,1.2,0.498,0.624,0.9,0.088,0.087,1.2,0.055,0.066 
1433865912115,1.3,0.098,0.13,1.2,0.498,0.624,0.9,0.089,0.088,1.2,0.056,0.067 
1433865912215,1.3,0.098,0.13,1.2,0.498,0.624,0.9,0.089,0.088,1.2,0.056,0.067 
1433865912315,1.3,0.098,0.13,1.2,0.498,0.624,0.9,0.089,0.088,1.2,0.056,0.067 
1433865912415,1.3,0.098,0.13,1.2,0.498,0.624,0.9,0.089,0.088,1.2,0.055,0.066 
1433865912515,1.3,0.098,0.13,1.2,0.498,0.624,0.9,0.089,0.088,1.2,0.055,0.066 
1433865912615,1.3,0.098,0.13,1.2,0.498,0.624,0.9,0.089,0.088,1.2,0.055,0.066 
1433865912715,1.3,0.098,0.13,1.2,0.499,0.626,0.9,0.088,0.087,1.2,0.056,0.067 
1433865912815,1.3,0.098,0.13,1.2,0.499,0.626,0.9,0.088,0.087,1.2,0.056,0.067 
1433865912915,1.3,0.098,0.13,1.2,0.498,0.624,0.9,0.089,0.088,1.2,0.056,0.067 
1433865913015,1.3,0.098,0.13,1.2,0.498,0.624,0.9,0.089,0.088,1.2,0.056,0.067 
1433865913115,1.3,0.098,0.13,1.2,0.498,0.624,0.9,0.089,0.088,1.2,0.056,0.067 
1433865913215,1.3,0.098,0.13,1.2,0.498,0.624,0.9,0.089,0.088,1.2,0.056,0.067 
1433865913315,1.3,0.098,0.13,1.2,0.498,0.624,0.9,0.089,0.088,1.2,0.056,0.067 
1433865913415,1.3,0.098,0.13,1.2,0.498,0.624,0.9,0.089,0.088,1.2,0.056,0.067 
1433865913515,1.3,0.098,0.13,1.2,0.498,0.624,0.9,0.089,0.088,1.2,0.056,0.067 
1433865913615,1.3,0.098,0.13,1.2,0.498,0.624,0.9,0.089,0.088,1.2,0.056,0.067 
1433865913715,1.3,0.098,0.13,1.2,0.498,0.624,0.9,0.089,0.088,1.2,0.056,0.067 
1433865913815,1.3,0.098,0.13,1.2,0.498,0.624,0.9,0.089,0.088,1.2,0.056,0.067 
1433865913915,1.3,0.098,0.13,1.2,0.498,0.624,0.9,0.089,0.088,1.2,0.056,0.067 
1433865914015,1.3,0.098,0.13,1.2,0.503,0.631,0.9,0.088,0.087,1.2,0.05,0.06 
1433865914115,1.3,0.098,0.13,1.2,0.503,0.631,0.9,0.088,0.087,1.2,0.05,0.06 
1433865914215,1.3,0.098,0.13,1.2,0.503,0.631,0.9,0.088,0.087,1.2,0.05,0.06 
1433865914315,1.3,0.099,0.132,1.2,0.511,0.641,0.9,0.089,0.088,1.2,0.054,0.065 
1433865914415,1.3,0.099,0.132,1.2,0.511,0.641,0.9,0.089,0.088,1.2,0.054,0.065 
1433865914515,1.3,0.098,0.13,1.2,0.498,0.624,0.9,0.089,0.088,1.2,0.055,0.066 
1433865914615,1.3,0.098,0.13,1.2,0.498,0.624,0.9,0.089,0.088,1.2,0.055,0.066 
1433865914715,1.3,0.098,0.13,1.2,0.498,0.624,0.9,0.089,0.088,1.2,0.055,0.066 
1433865914815,1.3,0.098,0.13,1.2,0.501,0.628,0.9,0.089,0.088,1.2,0.056,0.067 
1433865914915,1.3,0.098,0.13,1.2,0.501,0.628,0.9,0.089,0.088,1.2,0.056,0.067 
1433865915015,1.3,0.098,0.13,1.2,0.5,0.627,0.9,0.088,0.087,1.2,0.056,0.067 
1433865915115,1.3,0.098,0.13,1.2,0.5,0.627,0.9,0.088,0.087,1.2,0.056,0.067 
1433865915215,1.3,0.098,0.13,1.2,0.5,0.627,0.9,0.088,0.087,1.2,0.056,0.067 
1433865915315,1.3,0.098,0.13,1.2,0.501,0.628,0.9,0.088,0.087,1.2,0.055,0.066 
1433865915415,1.3,0.098,0.13,1.2,0.501,0.628,0.9,0.088,0.087,1.2,0.055,0.066 
1433865915515,1.3,0.098,0.13,1.2,0.501,0.628,0.9,0.088,0.087,1.2,0.055,0.066 
1433865915615,1.3,0.098,0.13,1.2,0.5,0.627,0.9,0.089,0.088,1.2,0.056,0.067 
1433865915715,1.3,0.098,0.13,1.2,0.5,0.627,0.9,0.089,0.088,1.2,0.056,0.067 
1433865915815,1.3,0.098,0.13,1.2,0.5,0.627,0.9,0.089,0.088,1.2,0.055,0.066 
1433865915915,1.3,0.098,0.13,1.2,0.5,0.627,0.9,0.089,0.088,1.2,0.055,0.066 
1433865916015,1.3,0.098,0.13,1.2,0.5,0.627,0.9,0.089,0.088,1.2,0.055,0.066 
1433865916115,1.3,0.098,0.13,1.2,0.501,0.628,0.9,0.089,0.088,1.2,0.056,0.067 
1433865916215,1.3,0.098,0.13,1.2,0.501,0.628,0.9,0.089,0.088,1.2,0.056,0.067 
1433865916315,1.3,0.098,0.13,1.2,0.501,0.628,0.9,0.089,0.088,1.2,0.056,0.067 
1433865916415,1.3,0.098,0.13,1.2,0.51,0.64,0.9,0.089,0.088,1.2,0.054,0.065 
1433865916515,1.3,0.098,0.13,1.2,0.51,0.64,0.9,0.089,0.088,1.2,0.054,0.065 
1433865916615,1.3,0.098,0.13,1.2,0.498,0.624,0.9,0.089,0.088,1.2,0.058,0.07 
1433865916715,1.3,0.098,0.13,1.2,0.498,0.624,0.9,0.089,0.088,1.2,0.058,0.07 
1433865916815,1.3,0.098,0.13,1.2,0.498,0.624,0.9,0.089,0.088,1.2,0.058,0.07 
1433865916915,1.3,0.098,0.13,1.2,0.498,0.624,0.9,0.089,0.088,1.2,0.049,0.059 
1433865917015,1.3,0.098,0.13,1.2,0.498,0.624,0.9,0.089,0.088,1.2,0.049,0.059 
1433865917115,1.3,0.098,0.13,1.2,0.498,0.624,0.9,0.089,0.088,1.2,0.049,0.059 
1433865917215,1.3,0.098,0.13,1.2,0.505,0.633,0.9,0.089,0.088,1.2,0.057,0.069 
1433865917315,1.3,0.098,0.13,1.2,0.505,0.633,0.9,0.089,0.088,1.2,0.057,0.069 
1433865917415,1.3,0.098,0.13,1.2,0.498,0.624,0.9,0.088,0.087,1.2,0.056,0.067 
1433865917515,1.3,0.098,0.13,1.2,0.498,0.624,0.9,0.088,0.087,1.2,0.056,0.067 
1433865917615,1.3,0.098,0.13,1.2,0.498,0.624,0.9,0.088,0.087,1.2,0.056,0.067 
1433865917715,1.3,0.098,0.13,1.2,0.497,0.623,0.9,0.089,0.088,1.2,0.054,0.065 
1433865917815,1.3,0.098,0.13,1.2,0.497,0.623,0.9,0.089,0.088,1.2,0.054,0.065 
1433865917915,1.3,0.098,0.13,1.2,0.497,0.623,0.9,0.089,0.088,1.2,0.054,0.065 
1433865918015,1.3,0.098,0.13,1.2,0.52,0.652,0.9,0.089,0.088,1.2,0.052,0.062 
1433865918115,1.3,0.098,0.13,1.2,0.52,0.652,0.9,0.089,0.088,1.2,0.052,0.062 
1433865918215,1.3,0.098,0.13,1.2,0.499,0.626,0.9,0.089,0.088,1.2,0.052,0.062 
1433865918315,1.3,0.098,0.13,1.2,0.499,0.626,0.9,0.089,0.088,1.2,0.052,0.062 
1433865918415,1.3,0.098,0.13,1.2,0.499,0.626,0.9,0.089,0.088,1.2,0.052,0.062 
1433865918515,1.3,0.098,0.13,1.2,0.498,0.624,0.9,0.089,0.088,1.2,0.057,0.069 
1433865918615,1.3,0.098,0.13,1.2,0.498,0.624,0.9,0.089,0.088,1.2,0.057,0.069 
1433865918715,1.3,0.098,0.13,1.2,0.499,0.626,0.9,0.089,0.088,1.2,0.056,0.067 
1433865918815,1.3,0.098,0.13,1.2,0.499,0.626,0.9,0.089,0.088,1.2,0.056,0.067 
1433865918915,1.3,0.098,0.13,1.2,0.499,0.626,0.9,0.089,0.088,1.2,0.056,0.067 
1433865919015,1.3,0.098,0.13,1.2,0.5,0.627,0.9,0.089,0.088,1.2,0.056,0.067 
1433865919115,1.3,0.098,0.13,1.2,0.5,0.627,0.9,0.089,0.088,1.2,0.056,0.067 
1433865919215,1.3,0.098,0.13,1.2,0.5,0.627,0.9,0.089,0.088,1.2,0.056,0.067 
1433865919315,1.3,0.098,0.13,1.2,0.498,0.624,0.9,0.089,0.088,1.2,0.056,0.067 
1433865919415,1.3,0.098,0.13,1.2,0.498,0.624,0.9,0.089,0.088,1.2,0.056,0.067 
1433865919515,1.3,0.098,0.13,1.2,0.497,0.623,0.9,0.089,0.088,1.2,0.056,0.067 
1433865919615,1.3,0.098,0.13,1.2,0.497,0.623,0.9,0.089,0.088,1.2,0.056,0.067 
1433865919715,1.3,0.098,0.13,1.2,0.497,0.623,0.9,0.089,0.088,1.2,0.056,0.067 
1433865919815,1.3,0.098,0.13,1.2,0.515,0.646,0.9,0.088,0.087,1.2,0.057,0.069 
1433865919915,1.3,0.098,0.13,1.2,0.515,0.646,0.9,0.088,0.087,1.2,0.057,0.069 
1433865920015,1.3,0.098,0.13,1.2,0.515,0.646,0.9,0.088,0.087,1.2,0.057,0.069 
1433865920115,1.3,0.098,0.13,1.2,0.502,0.63,0.9,0.089,0.088,1.2,0.048,0.058 
1433865920215,1.3,0.098,0.13,1.2,0.502,0.63,0.9,0.089,0.088,1.2,0.048,0.058 
1433865920315,1.3,0.098,0.13,1.2,0.501,0.628,0.9,0.089,0.088,1.2,0.056,0.067 
1433865920415,1.3,0.098,0.13,1.2,0.501,0.628,0.9,0.089,0.088,1.2,0.056,0.067 
1433865920515,1.3,0.098,0.13,1.2,0.501,0.628,0.9,0.089,0.088,1.2,0.056,0.067 
1433865920615,1.3,0.098,0.13,1.2,0.498,0.624,0.9,0.089,0.088,1.2,0.057,0.069 
1433865920715,1.3,0.098,0.13,1.2,0.498,0.624,0.9,0.089,0.088,1.2,0.057,0.069 
1433865920815,1.3,0.098,0.13,1.2,0.498,0.624,0.9,0.089,0.088,1.2,0.057,0.069 
1433865920915,1.3,0.098,0.13,1.2,0.5,0.627,0.9,0.089,0.088,1.2,0.056,0.067 
1433865921015,1.3,0.098,0.13,1.2,0.5,0.627,0.9,0.089,0.088,1.2,0.056,0.067 
1433865921115,1.3,0.098,0.13,1.2,0.5,0.627,0.9,0.089,0.088,1.2,0.057,0.069 
1433865921215,1.3,0.098,0.13,1.2,0.5,0.627,0.9,0.089,0.088,1.2,0.057,0.069 
1433865921315,1.3,0.098,0.13,1.2,0.5,0.627,0.9,0.089,0.088,1.2,0.057,0.069 
1433865921415,1.3,0.098,0.13,1.2,0.501,0.628,0.9,0.089,0.088,1.2,0.056,0.067 
1433865921515,1.3,0.098,0.13,1.2,0.501,0.628,0.9,0.089,0.088,1.2,0.056,0.067 
1433865921615,1.3,0.098,0.13,1.2,0.499,0.626,0.9,0.089,0.088,1.2,0.057,0.069 
1433865921715,1.3,0.098,0.13,1.2,0.499,0.626,0.9,0.089,0.088,1.2,0.057,0.069 
1433865921815,1.3,0.098,0.13,1.2,0.499,0.626,0.9,0.089,0.088,1.2,0.057,0.069 
1433865921915,1.3,0.098,0.13,1.2,0.514,0.645,0.9,0.089,0.088,1.2,0.046,0.055 
1433865922015,1.3,0.098,0.13,1.2,0.514,0.645,0.9,0.089,0.088,1.2,0.046,0.055 
1433865922115,1.3,0.098,0.13,1.2,0.514,0.645,0.9,0.089,0.088,1.2,0.046,0.055 
1433865922215,1.3,0.098,0.13,1.2,0.509,0.638,0.9,0.089,0.088,1.2,0.056,0.067 
1433865922315,1.3,0.098,0.13,1.2,0.509,0.638,0.9,0.089,0.088,1.2,0.056,0.067 
1433865922415,1.3,0.098,0.13,1.2,0.501,0.628,0.9,0.089,0.088,1.2,0.055,0.066 
1433865922515,1.3,0.098,0.13,1.2,0.501,0.628,0.9,0.089,0.088,1.2,0.055,0.066 
1433865922615,1.3,0.098,0.13,1.2,0.501,0.628,0.9,0.089,0.088,1.2,0.055,0.066 
1433865922715,1.3,0.098,0.13,1.2,0.502,0.63,0.9,0.089,0.088,1.2,0.056,0.067 
1433865922815,1.3,0.098,0.13,1.2,0.502,0.63,0.9,0.089,0.088,1.2,0.056,0.067 
1433865922915,1.3,0.098,0.13,1.2,0.502,0.63,0.9,0.089,0.088,1.2,0.056,0.067 
1433865923015,1.3,0.098,0.13,1.2,0.501,0.628,0.9,0.089,0.088,1.2,0.056,0.067 
1433865923115,1.3,0.098,0.13,1.2,0.501,0.628,0.9,0.089,0.088,1.2,0.056,0.067 
1433865923215,1.3,0.098,0.13,1.2,0.503,0.631,0.9,0.089,0.088,1.2,0.056,0.067 
1433865923315,1.3,0.098,0.13,1.2,0.503,0.631,0.9,0.089,0.088,1.2,0.056,0.067 
1433865923415,1.3,0.098,0.13,1.2,0.503,0.631,0.9,0.089,0.088,1.2,0.056,0.067 
1433865923515,1.3,0.098,0.13,1.2,0.503,0.631,0.9,0.089,0.088,1.2,0.056,0.067 
1433865923615,1.3,0.098,0.13,1.2,0.503,0.631,0.9,0.089,0.088,1.2,0.056,0.067 
1433865923715,1.3,0.098,0.13,1.2,0.503,0.631,0.9,0.089,0.088,1.2,0.056,0.067 
1433865923815,1.3,0.098,0.13,1.2,0.505,0.633,0.9,0.089,0.088,1.2,0.055,0.066 
1433865923915,1.3,0.098,0.13,1.2,0.505,0.633,0.9,0.089,0.088,1.2,0.055,0.066 
1433865924015,1.3,0.098,0.13,1.2,0.495,0.621,0.9,0.089,0.088,1.2,0.057,0.069 
1433865924115,1.3,0.098,0.13,1.2,0.495,0.621,0.9,0.089,0.088,1.2,0.057,0.069 
1433865924215,1.3,0.098,0.13,1.2,0.495,0.621,0.9,0.089,0.088,1.2,0.057,0.069 
1433865924315,1.3,0.098,0.13,1.2,0.492,0.617,0.9,0.089,0.088,1.2,0.058,0.07 
1433865924415,1.3,0.098,0.13,1.2,0.492,0.617,0.9,0.089,0.088,1.2,0.058,0.07 
1433865924515,1.3,0.098,0.13,1.2,0.498,0.624,0.9,0.089,0.088,1.2,0.054,0.065 
1433865924615,1.3,0.098,0.13,1.2,0.498,0.624,0.9,0.089,0.088,1.2,0.054,0.065 
1433865924715,1.3,0.098,0.13,1.2,0.498,0.624,0.9,0.089,0.088,1.2,0.054,0.065 
1433865924815,1.3,0.098,0.13,1.2,0.5,0.627,0.9,0.089,0.088,1.2,0.054,0.065 
1433865924915,1.3,0.098,0.13,1.2,0.5,0.627,0.9,0.089,0.088,1.2,0.054,0.065 
1433865925015,1.3,0.098,0.13,1.2,0.5,0.627,0.9,0.089,0.088,1.2,0.054,0.065 
1433865925115,1.3,0.099,0.132,1.2,0.507,0.636,0.9,0.089,0.088,1.2,0.053,0.064 
1433865925215,1.3,0.099,0.132,1.2,0.507,0.636,0.9,0.089,0.088,1.2,0.053,0.064 
1433865925315,1.3,0.099,0.132,1.2,0.496,0.622,0.9,0.089,0.088,1.2,0.057,0.069 
1433865925415,1.3,0.099,0.132,1.2,0.496,0.622,0.9,0.089,0.088,1.2,0.057,0.069 
1433865925515,1.3,0.099,0.132,1.2,0.496,0.622,0.9,0.089,0.088,1.2,0.057,0.069 
1433865925615,1.3,0.099,0.132,1.2,0.494,0.619,0.9,0.089,0.088,1.2,0.056,0.067 
1433865925715,1.3,0.099,0.132,1.2,0.494,0.619,0.9,0.089,0.088,1.2,0.056,0.067 
1433865925815,1.3,0.099,0.132,1.2,0.494,0.619,0.9,0.089,0.088,1.2,0.056,0.067 
1433865925915,1.3,0.099,0.132,1.2,0.517,0.648,0.9,0.089,0.088,1.2,0.053,0.064 
1433865926015,1.3,0.099,0.132,1.2,0.517,0.648,0.9,0.089,0.088,1.2,0.053,0.064 
1433865926115,1.3,0.098,0.13,1.2,0.495,0.621,0.9,0.089,0.088,1.2,0.053,0.064 
1433865926215,1.3,0.098,0.13,1.2,0.495,0.621,0.9,0.089,0.088,1.2,0.053,0.064 
1433865926315,1.3,0.098,0.13,1.2,0.495,0.621,0.9,0.089,0.088,1.2,0.053,0.064 
1433865926415,1.3,0.098,0.13,1.2,0.498,0.624,0.9,0.089,0.088,1.2,0.056,0.067 
1433865926515,1.3,0.098,0.13,1.2,0.498,0.624,0.9,0.089,0.088,1.2,0.056,0.067 
1433865926615,1.3,0.098,0.13,1.2,0.498,0.624,0.9,0.089,0.088,1.2,0.056,0.067 
1433865926715,1.3,0.098,0.13,1.2,0.498,0.624,0.9,0.089,0.088,1.2,0.056,0.067 
1433865926815,1.3,0.098,0.13,1.2,0.498,0.624,0.9,0.089,0.088,1.2,0.056,0.067 
1433865926915,1.3,0.098,0.13,1.2,0.498,0.624,0.9,0.089,0.088,1.2,0.056,0.067 
1433865927015,1.3,0.098,0.13,1.2,0.498,0.624,0.9,0.089,0.088,1.2,0.056,0.067 
1433865927115,1.3,0.098,0.13,1.2,0.498,0.624,0.9,0.089,0.088,1.2,0.056,0.067 
1433865927215,1.3,0.098,0.13,1.2,0.498,0.624,0.9,0.089,0.088,1.2,0.056,0.067 
1433865927315,1.3,0.098,0.13,1.2,0.498,0.624,0.9,0.089,0.088,1.2,0.056,0.067 
1433865927415,1.3,0.098,0.13,1.2,0.498,0.624,0.9,0.089,0.088,1.2,0.057,0.069 
1433865927515,1.3,0.098,0.13,1.2,0.499,0.626,0.9,0.089,0.088,1.2,0.057,0.069 
1433865927615,1.3,0.098,0.13,1.2,0.499,0.626,0.9,0.089,0.088,1.2,0.057,0.069 
1433865927715,1.3,0.098,0.13,1.2,0.501,0.628,0.9,0.089,0.088,1.2,0.056,0.067 
1433865927815,1.3,0.098,0.13,1.2,0.501,0.628,0.9,0.089,0.088,1.2,0.056,0.067 
1433865927915,1.3,0.098,0.13,1.2,0.501,0.628,0.9,0.089,0.088,1.2,0.056,0.067 
1433865928015,1.3,0.098,0.13,1.2,0.51,0.64,0.9,0.089,0.088,1.2,0.05,0.06 
1433865928115,1.3,0.098,0.13,1.2,0.51,0.64,0.9,0.089,0.088,1.2,0.05,0.06 
1433865928215,1.3,0.098,0.13,1.2,0.5,0.627,0.9,0.089,0.088,1.2,0.056,0.067 
1433865928315,1.3,0.098,0.13,1.2,0.5,0.627,0.9,0.089,0.088,1.2,0.056,0.067 
1433865928415,1.3,0.098,0.13,1.2,0.5,0.627,0.9,0.089,0.088,1.2,0.056,0.067 
1433865928515,1.3,0.098,0.13,1.2,0.5,0.627,0.9,0.089,0.088,1.2,0.056,0.067 
1433865928615,1.3,0.098,0.13,1.2,0.5,0.627,0.9,0.089,0.088,1.2,0.056,0.067 
1433865928715,1.3,0.098,0.13,1.2,0.5,0.627,0.9,0.089,0.088,1.2,0.056,0.067 
1433865928815,1.3,0.098,0.13,1.2,0.5,0.627,0.9,0.088,0.087,1.2,0.056,0.067 
1433865928915,1.3,0.098,0.13,1.2,0.5,0.627,0.9,0.088,0.087,1.2,0.056,0.067 
1433865929015,1.3,0.098,0.13,1.2,0.5,0.627,0.9,0.089,0.088,1.2,0.056,0.067 
1433865929115,1.3,0.098,0.13,1.2,0.5,0.627,0.9,0.089,0.088,1.2,0.056,0.067 
1433865929215,1.3,0.098,0.13,1.2,0.5,0.627,0.9,0.089,0.088,1.2,0.056,0.067 
1433865929315,1.3,0.099,0.132,1.2,0.5,0.627,0.9,0.089,0.088,1.2,0.056,0.067 
1433865929415,1.3,0.099,0.132,1.2,0.5,0.627,0.9,0.089,0.088,1.2,0.056,0.067 
1433865929515,1.3,0.099,0.132,1.2,0.5,0.627,0.9,0.089,0.088,1.2,0.056,0.067 
1433865929615,1.3,0.098,0.13,1.2,0.502,0.63,0.9,0.089,0.088,1.2,0.056,0.067 
1433865929715,1.3,0.098,0.13,1.2,0.502,0.63,0.9,0.089,0.088,1.2,0.056,0.067 
1433865929815,1.3,0.098,0.13,1.2,0.502,0.63,0.9,0.089,0.088,1.2,0.056,0.067 
1433865929915,1.3,0.098,0.13,1.2,0.502,0.63,0.9,0.089,0.088,1.2,0.056,0.067 
1433865930015,1.3,0.098,0.13,1.2,0.502,0.63,0.9,0.089,0.088,1.2,0.056,0.067 
1433865930115,1.3,0.099,0.132,1.2,0.5,0.627,0.9,0.089,0.088,1.2,0.056,0.067 
1433865930215,1.3,0.099,0.132,1.2,0.5,0.627,0.9,0.089,0.088,1.2,0.056,0.067 
1433865930315,1.3,0.099,0.132,1.2,0.5,0.627,0.9,0.089,0.088,1.2,0.056,0.067 
1433865930415,1.3,0.098,0.13,1.2,0.5,0.627,0.9,0.089,0.088,1.2,0.056,0.067 
1433865930515,1.3,0.098,0.13,1.2,0.5,0.627,0.9,0.089,0.088,1.2,0.056,0.067 
1433865930615,1.3,0.098,0.13,1.2,0.511,0.641,0.9,0.089,0.088,1.2,0.047,0.056 
1433865930715,1.3,0.098,0.13,1.2,0.511,0.641,0.9,0.089,0.088,1.2,0.047,0.056 
1433865930815,1.3,0.098,0.13,1.2,0.511,0.641,0.9,0.089,0.088,1.2,0.047,0.056 
1433865930915,1.3,0.098,0.13,1.2,0.513,0.643,0.9,0.089,0.088,1.2,0.053,0.064 
1433865931015,1.3,0.098,0.13,1.2,0.513,0.643,0.9,0.089,0.088,1.2,0.053,0.064 
1433865931115,1.3,0.098,0.13,1.2,0.496,0.622,0.9,0.089,0.088,1.2,0.053,0.064 
1433865931215,1.3,0.098,0.13,1.2,0.496,0.622,0.9,0.089,0.088,1.2,0.053,0.064 
1433865931315,1.3,0.098,0.13,1.2,0.496,0.622,0.9,0.089,0.088,1.2,0.053,0.064 
1433865931415,1.3,0.098,0.13,1.2,0.496,0.622,0.9,0.089,0.088,1.2,0.056,0.067 
1433865931515,1.3,0.098,0.13,1.2,0.496,0.622,0.9,0.089,0.088,1.2,0.056,0.067 
1433865931615,1.3,0.098,0.13,1.2,0.496,0.622,0.9,0.089,0.088,1.2,0.056,0.067 
1433865931715,1.3,0.099,0.132,1.2,0.498,0.624,0.9,0.089,0.088,1.2,0.056,0.067 
1433865931815,1.3,0.099,0.132,1.2,0.498,0.624,0.9,0.089,0.088,1.2,0.056,0.067 
1433865931915,1.3,0.098,0.13,1.2,0.495,0.621,0.9,0.089,0.088,1.2,0.056,0.067 
1433865932015,1.3,0.098,0.13,1.2,0.495,0.621,0.9,0.089,0.088,1.2,0.056,0.067 
1433865932115,1.3,0.098,0.13,1.2,0.495,0.621,0.9,0.089,0.088,1.2,0.056,0.067 
1433865932215,1.3,0.098,0.13,1.2,0.498,0.624,0.9,0.089,0.088,1.2,0.056,0.067 
1433865932315,1.3,0.098,0.13,1.2,0.498,0.624,0.9,0.089,0.088,1.2,0.056,0.067 
1433865932415,1.3,0.098,0.13,1.2,0.498,0.624,0.9,0.089,0.088,1.2,0.056,0.067 
1433865932515,1.3,0.098,0.13,1.2,0.498,0.624,0.9,0.089,0.088,1.2,0.056,0.067 
1433865932615,1.3,0.098,0.13,1.2,0.498,0.624,0.9,0.089,0.088,1.2,0.056,0.067 
1433865932715,1.3,0.099,0.132,1.2,0.495,0.621,0.9,0.089,0.088,1.2,0.056,0.067 
1433865932815,1.3,0.099,0.132,1.2,0.495,0.621,0.9,0.089,0.088,1.2,0.056,0.067 
1433865932915,1.3,0.099,0.132,1.2,0.495,0.621,0.9,0.089,0.088,1.2,0.056,0.067 
1433865933015,1.3,0.098,0.13,1.2,0.498,0.624,0.9,0.089,0.088,1.2,0.056,0.067 
1433865933115,1.3,0.098,0.13,1.2,0.498,0.624,0.9,0.089,0.088,1.2,0.056,0.067 
1433865933215,1.3,0.098,0.13,1.2,0.498,0.624,0.9,0.089,0.088,1.2,0.056,0.067 
1433865933315,1.3,0.098,0.13,1.2,0.501,0.628,0.9,0.089,0.088,1.2,0.055,0.066 
1433865933415,1.3,0.098,0.13,1.2,0.501,0.628,0.9,0.089,0.088,1.2,0.055,0.066 
1433865933515,1.3,0.098,0.13,1.2,0.51,0.64,0.9,0.089,0.088,1.2,0.055,0.066 
1433865933615,1.3,0.098,0.13,1.2,0.51,0.64,0.9,0.089,0.088,1.2,0.055,0.066 
1433865933715,1.3,0.098,0.13,1.2,0.51,0.64,0.9,0.089,0.088,1.2,0.055,0.066 
1433865933815,1.3,0.099,0.132,1.2,0.506,0.635,0.9,0.089,0.088,1.2,0.052,0.062 
1433865933915,1.3,0.099,0.132,1.2,0.506,0.635,0.9,0.089,0.088,1.2,0.052,0.062 
1433865934015,1.3,0.099,0.132,1.2,0.499,0.626,0.9,0.089,0.088,1.2,0.056,0.067 
1433865934115,1.3,0.099,0.132,1.2,0.499,0.626,0.9,0.089,0.088,1.2,0.056,0.067 
1433865934215,1.3,0.099,0.132,1.2,0.499,0.626,0.9,0.089,0.088,1.2,0.056,0.067 
1433865934315,1.3,0.098,0.13,1.2,0.502,0.63,0.9,0.089,0.088,1.2,0.056,0.067 
1433865934415,1.3,0.098,0.13,1.2,0.502,0.63,0.9,0.089,0.088,1.2,0.056,0.067 
1433865934515,1.3,0.098,0.13,1.2,0.502,0.63,0.9,0.089,0.088,1.2,0.056,0.067 
1433865934615,1.3,0.099,0.132,1.2,0.513,0.643,0.9,0.089,0.088,1.2,0.047,0.056 
1433865934715,1.3,0.099,0.132,1.2,0.513,0.643,0.9,0.089,0.088,1.2,0.047,0.056 
1433865934815,1.3,0.099,0.132,1.2,0.5,0.627,0.9,0.089,0.088,1.2,0.056,0.067 
1433865934915,1.3,0.099,0.132,1.2,0.5,0.627,0.9,0.089,0.088,1.2,0.056,0.067 
1433865935015,1.3,0.099,0.132,1.2,0.5,0.627,0.9,0.089,0.088,1.2,0.056,0.067 
1433865935115,1.3,0.098,0.13,1.2,0.498,0.624,0.9,0.089,0.088,1.2,0.056,0.067 
1433865935215,1.3,0.098,0.13,1.2,0.498,0.624,0.9,0.089,0.088,1.2,0.056,0.067 
1433865935315,1.3,0.098,0.13,1.2,0.498,0.624,0.9,0.089,0.088,1.2,0.056,0.067 
1433865935415,1.3,0.099,0.132,1.2,0.501,0.628,0.9,0.089,0.088,1.2,0.056,0.067 
1433865935515,1.3,0.099,0.132,1.2,0.501,0.628,0.9,0.089,0.088,1.2,0.056,0.067 
1433865935615,1.3,0.099,0.132,1.2,0.5,0.627,0.9,0.089,0.088,1.2,0.055,0.066 
1433865935715,1.3,0.099,0.132,1.2,0.5,0.627,0.9,0.089,0.088,1.2,0.055,0.066 
1433865935815,1.3,0.099,0.132,1.2,0.5,0.627,0.9,0.089,0.088,1.2,0.055,0.066 
1433865935915,1.3,0.099,0.132,1.2,0.5,0.627,0.9,0.089,0.088,1.2,0.056,0.067 
1433865936015,1.3,0.099,0.132,1.2,0.5,0.627,0.9,0.089,0.088,1.2,0.056,0.067 
1433865936115,1.3,0.099,0.132,1.2,0.5,0.627,0.9,0.089,0.088,1.2,0.056,0.067 
1433865936215,1.3,0.099,0.132,1.2,0.499,0.626,0.9,0.089,0.088,1.2,0.056,0.067 
1433865936315,1.3,0.099,0.132,1.2,0.499,0.626,0.9,0.089,0.088,1.2,0.056,0.067 
1433865936415,1.3,0.099,0.132,1.2,0.501,0.628,0.9,0.089,0.088,1.2,0.057,0.069 
1433865936515,1.3,0.099,0.132,1.2,0.501,0.628,0.9,0.089,0.088,1.2,0.057,0.069 
1433865936615,1.3,0.099,0.132,1.2,0.501,0.628,0.9,0.089,0.088,1.2,0.057,0.069 
1433865936715,1.3,0.099,0.132,1.2,0.499,0.626,0.9,0.09,0.089,1.2,0.053,0.064 
1433865936815,1.3,0.099,0.132,1.2,0.499,0.626,0.9,0.09,0.089,1.2,0.053,0.064 
1433865936915,1.3,0.099,0.132,1.2,0.499,0.626,0.9,0.09,0.089,1.2,0.051,0.061 
1433865937015,1.3,0.099,0.132,1.2,0.52,0.652,0.9,0.089,0.088,1.2,0.051,0.061 
1433865937115,1.3,0.099,0.132,1.2,0.52,0.652,0.9,0.089,0.088,1.2,0.051,0.061 
1433865937215,1.3,0.098,0.13,1.2,0.5,0.627,0.9,0.089,0.088,1.2,0.055,0.066 
1433865937315,1.3,0.098,0.13,1.2,0.5,0.627,0.9,0.089,0.088,1.2,0.055,0.066 
1433865937415,1.3,0.098,0.13,1.2,0.5,0.627,0.9,0.089,0.088,1.2,0.055,0.066 
1433865937515,1.3,0.099,0.132,1.2,0.503,0.631,0.9,0.09,0.089,1.2,0.055,0.066 
1433865937615,1.3,0.099,0.132,1.2,0.503,0.631,0.9,0.09,0.089,1.2,0.055,0.066 
1433865937715,1.3,0.099,0.132,1.2,0.509,0.638,0.9,0.089,0.088,1.2,0.054,0.065 
1433865937815,1.3,0.099,0.132,1.2,0.509,0.638,0.9,0.089,0.088,1.2,0.054,0.065 
1433865937915,1.3,0.099,0.132,1.2,0.509,0.638,0.9,0.089,0.088,1.2,0.054,0.065 
1433865938015,1.3,0.099,0.132,1.2,0.498,0.624,0.9,0.089,0.088,1.2,0.055,0.066 
1433865938115,1.3,0.099,0.132,1.2,0.498,0.624,0.9,0.089,0.088,1.2,0.055,0.066 
1433865938215,1.3,0.099,0.132,1.2,0.498,0.624,0.9,0.089,0.088,1.2,0.055,0.066 
1433865938315,1.3,0.099,0.132,1.2,0.498,0.624,0.9,0.089,0.088,1.2,0.056,0.067 
1433865938415,1.3,0.099,0.132,1.2,0.498,0.624,0.9,0.089,0.088,1.2,0.056,0.067 
1433865938515,1.3,0.099,0.132,1.2,0.497,0.623,0.9,0.089,0.088,1.2,0.055,0.066 
1433865938615,1.3,0.099,0.132,1.2,0.497,0.623,0.9,0.089,0.088,1.2,0.055,0.066 
1433865938715,1.3,0.099,0.132,1.2,0.497,0.623,0.9,0.089,0.088,1.2,0.055,0.066 
1433865938815,1.3,0.099,0.132,1.2,0.498,0.624,0.9,0.089,0.088,1.2,0.056,0.067 
1433865938915,1.3,0.099,0.132,1.2,0.498,0.624,0.9,0.089,0.088,1.2,0.056,0.067 
1433865939015,1.3,0.099,0.132,1.2,0.498,0.624,0.9,0.089,0.088,1.2,0.056,0.067 
1433865939115,1.3,0.099,0.132,1.2,0.503,0.631,0.9,0.089,0.088,1.2,0.055,0.066 
1433865939215,1.3,0.099,0.132,1.2,0.503,0.631,0.9,0.089,0.088,1.2,0.055,0.066 
1433865939315,1.3,0.098,0.13,1.2,0.509,0.638,0.9,0.089,0.088,1.2,0.049,0.059 
1433865939415,1.3,0.098,0.13,1.2,0.509,0.638,0.9,0.089,0.088,1.2,0.049,0.059 
1433865939515,1.3,0.098,0.13,1.2,0.509,0.638,0.9,0.089,0.088,1.2,0.049,0.059 
1433865939615,1.3,0.098,0.13,1.2,0.499,0.626,0.9,0.089,0.088,1.2,0.056,0.067 
1433865939715,1.3,0.098,0.13,1.2,0.499,0.626,0.9,0.089,0.088,1.2,0.056,0.067 
1433865939815,1.3,0.098,0.13,1.2,0.499,0.626,0.9,0.089,0.088,1.2,0.056,0.067 
1433865939915,1.3,0.099,0.132,1.2,0.5,0.627,0.9,0.089,0.088,1.2,0.056,0.067 
1433865940015,1.3,0.099,0.132,1.2,0.5,0.627,0.9,0.089,0.088,1.2,0.056,0.067 
1433865940115,1.3,0.098,0.13,1.2,0.5,0.627,0.9,0.089,0.088,1.2,0.055,0.066 
1433865940215,1.3,0.098,0.13,1.2,0.5,0.627,0.9,0.089,0.088,1.2,0.055,0.066 
1433865940315,1.3,0.098,0.13,1.2,0.5,0.627,0.9,0.089,0.088,1.2,0.055,0.066 
1433865940415,1.3,0.099,0.132,1.2,0.5,0.627,0.9,0.089,0.088,1.2,0.056,0.067 
1433865940515,1.3,0.099,0.132,1.2,0.5,0.627,0.9,0.089,0.088,1.2,0.056,0.067 
1433865940615,1.3,0.098,0.13,1.2,0.501,0.628,0.9,0.089,0.088,1.2,0.056,0.067 
1433865940715,1.3,0.098,0.13,1.2,0.501,0.628,0.9,0.089,0.088,1.2,0.056,0.067 
1433865940815,1.3,0.098,0.13,1.2,0.501,0.628,0.9,0.089,0.088,1.2,0.056,0.067 
1433865940915,1.3,0.099,0.132,1.2,0.501,0.628,0.9,0.089,0.088,1.2,0.056,0.067 
1433865941015,1.3,0.099,0.132,1.2,0.501,0.628,0.9,0.089,0.088,1.2,0.056,0.067 
1433865941115,1.3,0.099,0.132,1.2,0.501,0.628,0.9,0.089,0.088,1.2,0.056,0.067 
1433865941215,1.3,0.099,0.132,1.2,0.495,0.621,0.9,0.089,0.088,1.2,0.056,0.067 
1433865941315,1.3,0.099,0.132,1.2,0.495,0.621,0.9,0.089,0.088,1.2,0.056,0.067 
1433865941415,1.3,0.099,0.132,1.2,0.5,0.627,0.9,0.089,0.088,1.2,0.057,0.069 
1433865941515,1.3,0.099,0.132,1.2,0.5,0.627,0.9,0.089,0.088,1.2,0.057,0.069 
1433865941615,1.3,0.099,0.132,1.2,0.5,0.627,0.9,0.089,0.088,1.2,0.057,0.069 
1433865941715,1.3,0.098,0.13,1.2,0.503,0.631,0.9,0.089,0.088,1.2,0.054,0.065 
1433865941815,1.3,0.098,0.13,1.2,0.503,0.631,0.9,0.089,0.088,1.2,0.054,0.065 
1433865941915,1.3,0.098,0.13,1.2,0.503,0.631,0.9,0.089,0.088,1.2,0.054,0.065 
1433865942015,1.3,0.099,0.132,1.2,0.514,0.645,0.9,0.089,0.088,1.2,0.054,0.065 
1433865942115,1.3,0.099,0.132,1.2,0.514,0.645,0.9,0.089,0.088,1.2,0.054,0.065 
1433865942215,1.3,0.099,0.132,1.2,0.501,0.628,0.9,0.089,0.088,1.2,0.056,0.067 
1433865942315,1.3,0.099,0.132,1.2,0.501,0.628,0.9,0.089,0.088,1.2,0.056,0.067 
1433865942415,1.3,0.099,0.132,1.2,0.501,0.628,0.9,0.089,0.088,1.2,0.056,0.067 
1433865942515,1.3,0.099,0.132,1.2,0.499,0.626,0.9,0.089,0.088,1.2,0.056,0.067 
1433865942615,1.3,0.099,0.132,1.2,0.499,0.626,0.9,0.089,0.088,1.2,0.056,0.067 
1433865942715,1.3,0.099,0.132,1.2,0.499,0.626,0.9,0.089,0.088,1.2,0.056,0.067 
1433865942815,1.3,0.099,0.132,1.2,0.517,0.648,0.9,0.089,0.088,1.2,0.051,0.061 
1433865942915,1.3,0.099,0.132,1.2,0.517,0.648,0.9,0.089,0.088,1.2,0.051,0.061 
1433865943015,1.3,0.099,0.132,1.2,0.517,0.648,0.9,0.089,0.088,1.2,0.054,0.065 
1433865943115,1.3,0.099,0.132,1.2,0.517,0.648,0.9,0.089,0.088,1.2,0.054,0.065 
1433865943215,1.3,0.099,0.132,1.2,0.517,0.648,0.9,0.089,0.088,1.2,0.054,0.065 
1433865943315,1.3,0.099,0.132,1.2,0.503,0.631,0.9,0.089,0.088,1.2,0.055,0.066 
1433865943415,1.3,0.099,0.132,1.2,0.503,0.631,0.9,0.089,0.088,1.2,0.055,0.066 
1433865943515,1.3,0.099,0.132,1.2,0.503,0.631,0.9,0.089,0.088,1.2,0.055,0.066 
1433865943615,1.3,0.099,0.132,1.2,0.503,0.631,0.9,0.089,0.088,1.2,0.055,0.066 
1433865943715,1.3,0.099,0.132,1.2,0.503,0.631,0.9,0.089,0.088,1.2,0.055,0.066 
1433865943815,1.3,0.099,0.132,1.2,0.502,0.63,0.9,0.089,0.088,1.2,0.055,0.066 
1433865943915,1.3,0.099,0.132,1.2,0.502,0.63,0.9,0.089,0.088,1.2,0.055,0.066 
1433865944015,1.3,0.099,0.132,1.2,0.502,0.63,0.9,0.089,0.088,1.2,0.055,0.066 
1433865944115,1.3,0.098,0.13,1.2,0.506,0.635,0.9,0.089,0.088,1.2,0.055,0.066 
1433865944215,1.3,0.098,0.13,1.2,0.506,0.635,0.9,0.089,0.088,1.2,0.055,0.066 
1433865944315,1.3,0.099,0.132,1.2,0.502,0.63,0.9,0.089,0.088,1.2,0.056,0.067 
1433865944414,1.3,0.099,0.132,1.2,0.502,0.63,0.9,0.089,0.088,1.2,0.056,0.067 
1433865944514,1.3,0.099,0.132,1.2,0.502,0.63,0.9,0.089,0.088,1.2,0.056,0.067 
1433865944615,1.3,0.098,0.13,1.2,0.138,0.176,0.9,0.089,0.088,1.2,0.023,0.027 
1433865944715,1.3,0.098,0.13,1.2,0.138,0.176,0.9,0.089,0.088,1.2,0.023,0.027 
1433865944815,1.3,0.098,0.13,1.2,0.138,0.176,0.9,0.089,0.088,1.2,0.023,0.027 
1433865944915,1.3,0.098,0.13,1.2,0.107,0.136,0.9,0.088,0.087,1.2,0.015,0.018 
1433865945015,1.3,0.098,0.13,1.2,0.107,0.136,0.9,0.088,0.087,1.2,0.015,0.018 
1433865945114,1.3,0.098,0.13,1.2,0.122,0.155,0.9,0.088,0.087,1.2,0.016,0.019 
1433865945214,1.3,0.098,0.13,1.2,0.122,0.155,0.9,0.088,0.087,1.2,0.016,0.019 
1433865945314,1.3,0.098,0.13,1.2,0.122,0.155,0.9,0.088,0.087,1.2,0.016,0.019 
1433865945414,1.3,0.097,0.129,1.2,0.169,0.214,0.9,0.088,0.087,1.2,0.015,0.018 
1433865945515,1.3,0.097,0.129,1.2,0.169,0.214,0.9,0.088,0.087,1.2,0.015,0.018 
1433865945614,1.3,0.097,0.129,1.2,0.169,0.214,0.9,0.088,0.087,1.2,0.015,0.018 
1433865945714,1.3,0.097,0.129,1.2,0.108,0.137,0.9,0.088,0.087,1.2,0.015,0.018 
1433865945815,1.3,0.097,0.129,1.2,0.108,0.137,0.9,0.088,0.087,1.2,0.015,0.018 
1433865945914,1.3,0.096,0.128,1.2,0.106,0.135,0.9,0.087,0.086,1.2,0.015,0.018 
1433865946014,1.3,0.096,0.128,1.2,0.106,0.135,0.9,0.087,0.086,1.2,0.015,0.018 
1433865946115,1.3,0.096,0.128,1.2,0.106,0.135,0.9,0.087,0.086,1.2,0.015,0.018 
1433865946215,1.3,0.096,0.128,1.2,0.107,0.136,0.9,0.087,0.086,1.2,0.015,0.018 
1433865946315,1.3,0.096,0.128,1.2,0.107,0.136,0.9,0.087,0.086,1.2,0.015,0.018 
1433865946415,1.3,0.096,0.128,1.2,0.111,0.141,0.9,0.087,0.086,1.2,0.016,0.019 
1433865946514,1.3,0.096,0.128,1.2,0.111,0.141,0.9,0.087,0.086,1.2,0.016,0.019 
1433865946614,1.3,0.096,0.128,1.2,0.111,0.141,0.9,0.087,0.086,1.2,0.016,0.019 
1433865946714,1.3,0.095,0.126,1.2,0.106,0.135,0.9,0.087,0.086,1.2,0.015,0.018 
1433865946814,1.3,0.095,0.126,1.2,0.106,0.135,0.9,0.087,0.086,1.2,0.015,0.018 
1433865946914,1.3,0.095,0.126,1.2,0.106,0.135,0.9,0.087,0.086,1.2,0.015,0.018 
1433865947015,1.3,0.095,0.126,1.2,0.107,0.136,0.9,0.086,0.085,1.2,0.015,0.018 
1433865947115,1.3,0.095,0.126,1.2,0.107,0.136,0.9,0.086,0.085,1.2,0.015,0.018 
1433865947215,1.3,0.095,0.126,1.2,0.112,0.143,0.9,0.087,0.086,1.2,0.017,0.02 
1433865947315,1.3,0.095,0.126,1.2,0.112,0.143,0.9,0.087,0.086,1.2,0.017,0.02 
1433865947414,1.3,0.095,0.126,1.2,0.112,0.143,0.9,0.087,0.086,1.2,0.017,0.02 
1433865947515,1.3,0.095,0.126,1.2,0.172,0.218,0.9,0.087,0.086,1.2,0.016,0.019 
1433865947614,1.3,0.095,0.126,1.2,0.172,0.218,0.9,0.087,0.086,1.2,0.016,0.019 
1433865947714,1.3,0.095,0.126,1.2,0.172,0.218,0.9,0.087,0.086,1.2,0.016,0.019 
1433865947815,1.3,0.095,0.126,1.2,0.106,0.135,0.9,0.087,0.086,1.2,0.016,0.019 
1433865947914,1.3,0.095,0.126,1.2,0.106,0.135,0.9,0.087,0.086,1.2,0.016,0.019 
1433865948015,1.3,0.095,0.126,1.2,0.106,0.135,0.9,0.086,0.085,1.2,0.015,0.018 
1433865948115,1.3,0.095,0.126,1.2,0.106,0.135,0.9,0.086,0.085,1.2,0.015,0.018 
1433865948214,1.3,0.095,0.126,1.2,0.106,0.135,0.9,0.086,0.085,1.2,0.015,0.018 
1433865948315,1.3,0.095,0.126,1.2,0.106,0.135,0.9,0.086,0.085,1.2,0.015,0.018 
1433865948414,1.3,0.095,0.126,1.2,0.106,0.135,0.9,0.086,0.085,1.2,0.015,0.018 
1433865948514,1.3,0.095,0.126,1.2,0.106,0.135,0.9,0.086,0.085,1.2,0.015,0.018 
1433865948615,1.3,0.094,0.125,1.2,0.106,0.135,0.9,0.086,0.085,1.2,0.015,0.018 
1433865948715,1.3,0.094,0.125,1.2,0.106,0.135,0.9,0.086,0.085,1.2,0.015,0.018 
1433865948815,1.3,0.094,0.125,1.2,0.108,0.137,0.9,0.086,0.085,1.2,0.015,0.018 
1433865948915,1.3,0.094,0.125,1.2,0.108,0.137,0.9,0.086,0.085,1.2,0.015,0.018 
1433865949015,1.3,0.094,0.125,1.2,0.108,0.137,0.9,0.086,0.085,1.2,0.015,0.018 
1433865949115,1.3,0.094,0.125,1.2,0.11,0.14,0.9,0.086,0.085,1.2,0.016,0.019 
1433865949215,1.3,0.094,0.125,1.2,0.11,0.14,0.9,0.086,0.085,1.2,0.016,0.019 
1433865949315,1.3,0.094,0.125,1.2,0.11,0.14,0.9,0.086,0.085,1.2,0.016,0.019 
1433865949415,1.3,0.094,0.125,1.2,0.109,0.139,0.9,0.086,0.085,1.2,0.017,0.02 
1433865949515,1.3,0.094,0.125,1.2,0.109,0.139,0.9,0.086,0.085,1.2,0.017,0.02 
1433865949615,1.3,0.094,0.125,1.2,0.14,0.178,0.9,0.086,0.085,1.2,0.021,0.025 
1433865949715,1.3,0.094,0.125,1.2,0.14,0.178,0.9,0.086,0.085,1.2,0.021,0.025 
1433865949815,1.3,0.094,0.125,1.2,0.14,0.178,0.9,0.086,0.085,1.2,0.021,0.025 
1433865949915,1.3,0.094,0.125,1.2,0.136,0.173,0.9,0.086,0.085,1.2,0.016,0.019 
1433865950015,1.3,0.094,0.125,1.2,0.136,0.173,0.9,0.086,0.085,1.2,0.016,0.019 
1433865950115,1.3,0.094,0.125,1.2,0.106,0.135,0.9,0.086,0.085,1.2,0.015,0.018 
1433865950215,1.3,0.094,0.125,1.2,0.106,0.135,0.9,0.086,0.085,1.2,0.015,0.018 
1433865950315,1.3,0.094,0.125,1.2,0.106,0.135,0.9,0.086,0.085,1.2,0.015,0.018 
1433865950415,1.3,0.094,0.125,1.2,0.106,0.135,0.9,0.086,0.085,1.2,0.015,0.018 
1433865950515,1.3,0.094,0.125,1.2,0.106,0.135,0.9,0.086,0.085,1.2,0.015,0.018 
1433865950615,1.3,0.094,0.125,1.2,0.106,0.135,0.9,0.086,0.085,1.2,0.015,0.018 
1433865950715,1.3,0.094,0.125,1.2,0.111,0.141,0.9,0.086,0.085,1.2,0.018,0.021 
1433865950815,1.3,0.094,0.125,1.2,0.111,0.141,0.9,0.086,0.085,1.2,0.018,0.021 
1433865950914,1.3,0.093,0.124,1.2,0.17,0.215,0.9,0.086,0.085,1.2,0.016,0.019 
1433865951015,1.3,0.093,0.124,1.2,0.17,0.215,0.9,0.086,0.085,1.2,0.016,0.019 
1433865951114,1.3,0.093,0.124,1.2,0.17,0.215,0.9,0.086,0.085,1.2,0.016,0.019 
1433865951215,1.3,0.093,0.124,1.2,0.105,0.134,0.9,0.086,0.085,1.2,0.015,0.018 
1433865951315,1.3,0.093,0.124,1.2,0.105,0.134,0.9,0.086,0.085,1.2,0.015,0.018 
1433865951415,1.3,0.093,0.124,1.2,0.105,0.134,0.9,0.086,0.085,1.2,0.015,0.018 
1433865951515,1.3,0.093,0.124,1.2,0.105,0.134,0.9,0.086,0.085,1.2,0.015,0.018 
1433865951614,1.3,0.093,0.124,1.2,0.105,0.134,0.9,0.086,0.085,1.2,0.015,0.018 
1433865951715,1.3,0.093,0.124,1.2,0.106,0.135,0.9,0.086,0.085,1.2,0.015,0.018 
1433865951814,1.3,0.093,0.124,1.2,0.106,0.135,0.9,0.086,0.085,1.2,0.015,0.018 
1433865951915,1.3,0.093,0.124,1.2,0.106,0.135,0.9,0.086,0.085,1.2,0.015,0.018 
1433865952015,1.3,0.093,0.124,1.2,0.104,0.132,0.9,0.086,0.085,1.2,0.015,0.018 
1433865952114,1.3,0.093,0.124,1.2,0.104,0.132,0.9,0.086,0.085,1.2,0.015,0.018 
1433865952215,1.3,0.093,0.124,1.2,0.104,0.132,0.9,0.086,0.085,1.2,0.015,0.018 
1433865952314,1.3,0.093,0.124,1.2,0.107,0.136,0.9,0.086,0.085,1.2,0.015,0.018 
1433865952414,1.3,0.093,0.124,1.2,0.107,0.136,0.9,0.086,0.085,1.2,0.015,0.018 
1433865952515,1.3,0.093,0.124,1.2,0.103,0.131,0.9,0.086,0.085,1.2,0.014,0.016 
1433865952614,1.3,0.093,0.124,1.2,0.103,0.131,0.9,0.086,0.085,1.2,0.014,0.016 
1433865952715,1.3,0.093,0.124,1.2,0.103,0.131,0.9,0.086,0.085,1.2,0.014,0.016 
1433865952815,1.3,0.093,0.124,1.2,0.106,0.135,0.9,0.086,0.085,1.2,0.015,0.018 
1433865952915,1.3,0.093,0.124,1.2,0.106,0.135,0.9,0.086,0.085,1.2,0.015,0.018 
1433865953015,1.3,0.093,0.124,1.2,0.106,0.135,0.9,0.086,0.085,1.2,0.016,0.019 
1433865953115,1.3,0.093,0.124,1.2,0.106,0.135,0.9,0.086,0.085,1.2,0.016,0.019 
1433865953215,1.3,0.093,0.124,1.2,0.106,0.135,0.9,0.086,0.085,1.2,0.016,0.019 
1433865953314,1.3,0.093,0.124,1.2,0.167,0.212,0.9,0.086,0.085,1.2,0.016,0.019 
1433865953415,1.3,0.093,0.124,1.2,0.167,0.212,0.9,0.086,0.085,1.2,0.016,0.019 
1433865953514,1.3,0.093,0.124,1.2,0.167,0.212,0.9,0.086,0.085,1.2,0.016,0.019 
1433865953615,1.3,0.093,0.124,1.2,0.106,0.135,0.9,0.086,0.085,1.2,0.015,0.018 
1433865953715,1.3,0.093,0.124,1.2,0.106,0.135,0.9,0.086,0.085,1.2,0.015,0.018 
1433865953814,1.3,0.093,0.124,1.2,0.104,0.132,0.9,0.086,0.085,1.2,0.016,0.019 
1433865953914,1.3,0.093,0.124,1.2,0.104,0.132,0.9,0.086,0.085,1.2,0.016,0.019 
1433865954015,1.3,0.093,0.124,1.2,0.104,0.132,0.9,0.086,0.085,1.2,0.016,0.019 
1433865954115,1.3,0.093,0.124,1.2,0.107,0.136,0.9,0.085,0.084,1.2,0.015,0.018 
1433865954214,1.3,0.093,0.124,1.2,0.107,0.136,0.9,0.085,0.084,1.2,0.015,0.018 
1433865954314,1.3,0.093,0.124,1.2,0.107,0.136,0.9,0.085,0.084,1.2,0.015,0.018 
1433865954415,1.3,0.093,0.124,1.2,0.103,0.131,0.9,0.086,0.085,1.2,0.015,0.018 
1433865954515,1.3,0.093,0.124,1.2,0.103,0.131,0.9,0.086,0.085,1.2,0.015,0.018 
1433865954615,1.3,0.093,0.124,1.2,0.112,0.143,0.9,0.086,0.085,1.2,0.016,0.019 
1433865954715,1.3,0.093,0.124,1.2,0.112,0.143,0.9,0.086,0.085,1.2,0.016,0.019 
1433865954814,1.3,0.093,0.124,1.2,0.112,0.143,0.9,0.086,0.085,1.2,0.016,0.019 
1433865954915,1.3,0.093,0.124,1.2,0.172,0.218,0.9,0.086,0.085,1.2,0.016,0.019 
1433865955015,1.3,0.093,0.124,1.2,0.172,0.218,0.9,0.086,0.085,1.2,0.016,0.019 
1433865955114,1.3,0.093,0.124,1.2,0.172,0.218,0.9,0.086,0.085,1.2,0.016,0.019 
1433865955214,1.3,0.093,0.124,1.2,0.105,0.134,0.9,0.085,0.084,1.2,0.015,0.018 
1433865955314,1.3,0.093,0.124,1.2,0.105,0.134,0.9,0.085,0.084,1.2,0.015,0.018 
1433865955414,1.3,0.093,0.124,1.2,0.105,0.134,0.9,0.086,0.085,1.2,0.015,0.018 
1433865955514,1.3,0.093,0.124,1.2,0.105,0.134,0.9,0.086,0.085,1.2,0.015,0.018 
1433865955614,1.3,0.093,0.124,1.2,0.105,0.134,0.9,0.086,0.085,1.2,0.015,0.018 
1433865955715,1.3,0.093,0.124,1.2,0.103,0.131,0.9,0.085,0.084,1.2,0.015,0.018 
1433865955814,1.3,0.093,0.124,1.2,0.103,0.131,0.9,0.085,0.084,1.2,0.015,0.018 
1433865955915,1.3,0.093,0.124,1.2,0.107,0.136,0.9,0.086,0.085,1.2,0.015,0.018 
1433865956014,1.3,0.093,0.124,1.2,0.107,0.136,0.9,0.086,0.085,1.2,0.015,0.018 
1433865956114,1.3,0.093,0.124,1.2,0.107,0.136,0.9,0.086,0.085,1.2,0.015,0.018 
1433865956215,1.3,0.092,0.122,1.2,0.104,0.132,0.9,0.086,0.085,1.2,0.015,0.018 
1433865956314,1.3,0.092,0.122,1.2,0.104,0.132,0.9,0.086,0.085,1.2,0.015,0.018 
1433865956415,1.3,0.092,0.122,1.2,0.104,0.132,0.9,0.086,0.085,1.2,0.015,0.018 
1433865956515,1.3,0.093,0.124,1.2,0.106,0.135,0.9,0.085,0.084,1.2,0.015,0.018 
1433865956615,1.3,0.093,0.124,1.2,0.106,0.135,0.9,0.085,0.084,1.2,0.015,0.018 
1433865956715,1.3,0.092,0.122,1.2,0.106,0.135,0.9,0.086,0.085,1.2,0.015,0.018 
1433865956814,1.3,0.092,0.122,1.2,0.106,0.135,0.9,0.086,0.085,1.2,0.015,0.018 
1433865956914,1.3,0.092,0.122,1.2,0.106,0.135,0.9,0.086,0.085,1.2,0.015,0.018 
1433865957015,1.3,0.092,0.122,1.2,0.105,0.134,0.9,0.085,0.084,1.2,0.015,0.018 
1433865957115,1.3,0.092,0.122,1.2,0.105,0.134,0.9,0.085,0.084,1.2,0.015,0.018 
1433865957214,1.3,0.092,0.122,1.2,0.105,0.134,0.9,0.085,0.084,1.2,0.015,0.018 
1433865957315,1.3,0.092,0.122,1.2,0.11,0.14,0.9,0.085,0.084,1.2,0.015,0.018 
1433865957415,1.3,0.092,0.122,1.2,0.11,0.14,0.9,0.085,0.084,1.2,0.015,0.018 
1433865957515,1.3,0.092,0.122,1.2,0.132,0.168,0.9,0.085,0.084,1.2,0.018,0.021 
1433865957615,1.3,0.092,0.122,1.2,0.132,0.168,0.9,0.085,0.084,1.2,0.018,0.021 
1433865957715,1.3,0.092,0.122,1.2,0.132,0.168,0.9,0.085,0.084,1.2,0.018,0.021 
1433865957815,1.3,0.093,0.124,1.2,0.132,0.168,0.9,0.085,0.084,1.2,0.021,0.025 
1433865957915,1.3,0.093,0.124,1.2,0.132,0.168,0.9,0.085,0.084,1.2,0.021,0.025 
1433865958015,1.3,0.093,0.124,1.2,0.132,0.168,0.9,0.085,0.084,1.2,0.021,0.025 
1433865958115,1.3,0.093,0.124,1.2,0.119,0.151,0.9,0.085,0.084,1.2,0.016,0.019 
1433865958215,1.3,0.093,0.124,1.2,0.119,0.151,0.9,0.085,0.084,1.2,0.016,0.019 
1433865958315,1.3,0.092,0.122,1.2,0.138,0.175,0.9,0.085,0.084,1.2,0.016,0.019 
1433865958415,1.3,0.092,0.122,1.2,0.138,0.175,0.9,0.085,0.084,1.2,0.016,0.019 
1433865958515,1.3,0.092,0.122,1.2,0.138,0.175,0.9,0.085,0.084,1.2,0.016,0.019 
1433865958614,1.3,0.092,0.122,1.2,0.106,0.135,0.9,0.085,0.084,1.2,0.015,0.018 
1433865958715,1.3,0.092,0.122,1.2,0.106,0.135,0.9,0.085,0.084,1.2,0.015,0.018 
1433865958815,1.3,0.092,0.122,1.2,0.113,0.144,0.9,0.085,0.084,1.2,0.017,0.02 
1433865958915,1.3,0.092,0.122,1.2,0.113,0.144,0.9,0.085,0.084,1.2,0.017,0.02 
1433865959014,1.3,0.092,0.122,1.2,0.113,0.144,0.9,0.085,0.084,1.2,0.017,0.02 
1433865959114,1.3,0.092,0.122,1.2,0.172,0.218,0.9,0.086,0.085,1.2,0.017,0.02 
1433865959214,1.3,0.092,0.122,1.2,0.172,0.218,0.9,0.086,0.085,1.2,0.017,0.02 
1433865959315,1.3,0.092,0.122,1.2,0.172,0.218,0.9,0.086,0.085,1.2,0.017,0.02 
1433865959415,1.3,0.093,0.124,1.2,0.106,0.135,0.9,0.085,0.084,1.2,0.015,0.018 
1433865959515,1.3,0.093,0.124,1.2,0.106,0.135,0.9,0.085,0.084,1.2,0.015,0.018 
1433865959615,1.3,0.092,0.122,1.2,0.105,0.134,0.9,0.085,0.084,1.2,0.015,0.018 
1433865959715,1.3,0.092,0.122,1.2,0.105,0.134,0.9,0.085,0.084,1.2,0.015,0.018 
1433865959814,1.3,0.092,0.122,1.2,0.105,0.134,0.9,0.085,0.084,1.2,0.015,0.018 
1433865959914,1.3,0.092,0.122,1.2,0.104,0.132,0.9,0.085,0.084,1.2,0.015,0.018 
1433865960014,1.3,0.092,0.122,1.2,0.104,0.132,0.9,0.085,0.084,1.2,0.015,0.018 
1433865960114,1.3,0.092,0.122,1.2,0.104,0.132,0.9,0.085,0.084,1.2,0.015,0.018 
1433865960215,1.3,0.092,0.122,1.2,0.105,0.134,0.9,0.085,0.084,1.2,0.015,0.018 
1433865960314,1.3,0.092,0.122,1.2,0.105,0.134,0.9,0.085,0.084,1.2,0.015,0.018 
1433865960414,1.3,0.092,0.122,1.2,0.104,0.132,0.9,0.085,0.084,1.2,0.015,0.018 
1433865960514,1.3,0.092,0.122,1.2,0.104,0.132,0.9,0.085,0.084,1.2,0.015,0.018 
1433865960615,1.3,0.092,0.122,1.2,0.104,0.132,0.9,0.085,0.084,1.2,0.015,0.018 
1433865960715,1.3,0.092,0.122,1.2,0.105,0.134,0.9,0.085,0.084,1.2,0.015,0.018 
1433865960815,1.3,0.092,0.122,1.2,0.105,0.134,0.9,0.085,0.084,1.2,0.015,0.018 
1433865960915,1.3,0.092,0.122,1.2,0.105,0.134,0.9,0.085,0.084,1.2,0.015,0.018 
1433865961015,1.3,0.092,0.122,1.2,0.107,0.136,0.9,0.085,0.084,1.2,0.015,0.018 
1433865961115,1.3,0.092,0.122,1.2,0.107,0.136,0.9,0.085,0.084,1.2,0.015,0.018 
1433865961215,1.3,0.092,0.122,1.2,0.167,0.212,0.9,0.085,0.084,1.2,0.015,0.018 
